,Angle_deg,Err_deg,N,Geometry
0,0.0,8.093640320493401,1.0,3.0
1,2.0,7.932196873053301,1.0,3.0
2,4.0,9.463662650079543,1.0,3.0
3,6.0,10.366525711932363,1.0,3.0
4,8.0,9.748442506872824,1.0,3.0
5,10.0,10.519384775663314,1.0,3.0
6,12.0,12.057236908296543,1.0,3.0
7,14.0,10.778826445705235,1.0,3.0
8,16.0,11.377644787915353,1.0,3.0
9,18.0,12.153058410163913,1.0,3.0
10,20.0,10.443698777123675,1.0,3.0
11,22.0,11.223727910376024,1.0,3.0
12,24.0,11.770041553769282,1.0,3.0
13,26.0,10.20115940749725,1.0,3.0
14,28.0,10.960380769649595,1.0,3.0
15,30.0,10.402578712854208,1.0,3.0
16,32.0,9.845809514063456,1.0,3.0
17,34.0,10.995911691188438,1.0,3.0
18,36.0,11.483851557197537,1.0,3.0
19,38.0,12.577125242414905,1.0,3.0
20,40.0,13.44682658245244,1.0,3.0
21,42.0,16.094949913022063,1.0,3.0
22,44.0,13.894594704731926,1.0,3.0
23,46.0,12.774166703872403,1.0,3.0
24,48.0,5.716687467622584,1.0,3.0
25,50.0,8.741898150723246,1.0,3.0
26,52.0,10.144777143587557,1.0,3.0
27,54.0,15.204684670587131,1.0,3.0
28,56.0,20.123368122050195,1.0,3.0
29,58.0,26.044932437106,1.0,3.0
30,60.0,12.16952235917709,1.0,3.0
31,62.0,14.953838278683415,1.0,3.0
32,64.0,16.113771984846167,1.0,3.0
33,66.0,18.00511581952973,1.0,3.0
34,68.0,16.102909501718987,1.0,3.0
35,70.0,14.981702803798791,1.0,3.0
36,72.0,16.53518835151759,1.0,3.0
37,74.0,22.261178357497233,1.0,3.0
38,76.0,25.788914253710406,1.0,3.0
39,78.0,17.149124425795616,1.0,3.0
40,80.0,8.593132912416126,1.0,3.0
41,82.0,9.805703644306737,1.0,3.0
42,84.0,8.705613300097186,1.0,3.0
43,86.0,12.539527106494049,1.0,3.0
44,88.0,15.820365200792368,1.0,3.0
45,90.0,11.929615430901384,1.0,3.0
46,92.0,12.372124792036507,1.0,3.0
47,94.0,10.897294014462165,1.0,3.0
48,96.0,11.051609511446365,1.0,3.0
49,98.0,12.968957440840335,1.0,3.0
50,100.0,12.214632288055142,1.0,3.0
51,102.0,11.657420567711378,1.0,3.0
52,104.0,11.440243813167962,1.0,3.0
53,106.0,10.220419172784425,1.0,3.0
54,108.0,9.58399088856478,1.0,3.0
55,110.0,8.203989360327773,1.0,3.0
56,112.0,9.138670891779597,1.0,3.0
57,114.0,9.868346805388011,1.0,3.0
58,116.0,8.60434059543841,1.0,3.0
59,118.0,8.555005861586984,1.0,3.0
60,120.0,9.602046570475334,1.0,3.0
61,122.0,11.876685917263366,1.0,3.0
62,124.0,11.86229834575786,1.0,3.0
63,126.0,11.39902127791828,1.0,3.0
64,128.0,9.359754301084834,1.0,3.0
65,130.0,9.057452715354241,1.0,3.0
66,132.0,11.425686080305915,1.0,3.0
67,134.0,13.697575810646322,1.0,3.0
68,136.0,11.622201311973225,1.0,3.0
69,138.0,13.138769988183366,1.0,3.0
70,140.0,13.441484484462476,1.0,3.0
71,142.0,13.504026661196892,1.0,3.0
72,144.0,14.64142955617702,1.0,3.0
73,146.0,17.88796415235027,1.0,3.0
74,148.0,20.578523663810966,1.0,3.0
75,150.0,23.507293002175498,1.0,3.0
76,152.0,23.887557457753186,1.0,3.0
77,154.0,23.365354845302292,1.0,3.0
78,156.0,21.745841092615088,1.0,3.0
79,158.0,19.604499252362434,1.0,3.0
80,160.0,14.782228834501405,1.0,3.0
81,162.0,16.546567583278584,1.0,3.0
82,164.0,16.521977523422116,1.0,3.0
83,166.0,13.834530264496356,1.0,3.0
84,168.0,14.61978252238112,1.0,3.0
85,170.0,17.494183887923974,1.0,3.0
86,172.0,19.081339256564423,1.0,3.0
87,174.0,25.30122121899857,1.0,3.0
88,176.0,51.924796661643896,1.0,3.0
89,178.0,47.62585779685746,1.0,3.0
90,180.0,59.88480311427585,1.0,3.0
91,182.0,38.82393623399109,1.0,3.0
92,184.0,35.40544095756115,1.0,3.0
93,186.0,32.700513720563315,1.0,3.0
94,188.0,26.451277560218124,1.0,3.0
95,190.0,18.327268553939064,1.0,3.0
96,192.0,16.037100456176727,1.0,3.0
97,194.0,32.548892144102815,1.0,3.0
98,196.0,21.10648287495383,1.0,3.0
99,198.0,16.354638426634207,1.0,3.0
100,200.0,11.482818068467607,1.0,3.0
101,202.0,7.631909551863797,1.0,3.0
102,204.0,6.559759543600517,1.0,3.0
103,206.0,7.7191225469038764,1.0,3.0
104,208.0,10.60376560181474,1.0,3.0
105,210.0,9.838311065588368,1.0,3.0
106,212.0,9.904778624609518,1.0,3.0
107,214.0,10.223353007971665,1.0,3.0
108,216.0,11.561719491684064,1.0,3.0
109,218.0,15.188934309856354,1.0,3.0
110,220.0,16.652974071561005,1.0,3.0
111,222.0,16.143590669771733,1.0,3.0
112,224.0,13.23314532876165,1.0,3.0
113,226.0,12.254849427996724,1.0,3.0
114,228.0,10.819967607255114,1.0,3.0
115,230.0,12.139465112819266,1.0,3.0
116,232.0,11.524166565212195,1.0,3.0
117,234.0,11.576100694038141,1.0,3.0
118,236.0,11.064524289261128,1.0,3.0
119,238.0,10.503314982993318,1.0,3.0
120,240.0,8.983653422103437,1.0,3.0
121,242.0,7.4186568733334965,1.0,3.0
122,244.0,8.512988313662257,1.0,3.0
123,246.0,7.268070343739842,1.0,3.0
124,248.0,7.805772187941212,1.0,3.0
125,250.0,8.051934220534275,1.0,3.0
126,252.0,8.773475472756314,1.0,3.0
127,254.0,9.965101967434473,1.0,3.0
128,256.0,9.284682381374672,1.0,3.0
129,258.0,9.992370097506964,1.0,3.0
130,260.0,9.43810820353083,1.0,3.0
131,262.0,10.23956242998539,1.0,3.0
132,264.0,13.271579998504391,1.0,3.0
133,266.0,15.607194894343484,1.0,3.0
134,268.0,14.328896816645262,1.0,3.0
135,270.0,12.10487184391855,1.0,3.0
136,272.0,11.861188521126246,1.0,3.0
137,274.0,11.910295327296192,1.0,3.0
138,276.0,10.893327322337525,1.0,3.0
139,278.0,7.672885581317477,1.0,3.0
140,280.0,5.734533185249192,1.0,3.0
141,282.0,5.133153897227143,1.0,3.0
142,284.0,8.332062835096217,1.0,3.0
143,286.0,11.237901315964011,1.0,3.0
144,288.0,5.986998526219687,1.0,3.0
145,290.0,3.577647401120192,1.0,3.0
146,292.0,4.301931862218582,1.0,3.0
147,294.0,11.619764112647172,1.0,3.0
148,296.0,15.451297568236173,1.0,3.0
149,298.0,13.031194461798055,1.0,3.0
150,300.0,12.596205138939169,1.0,3.0
151,302.0,11.753400366683229,1.0,3.0
152,304.0,9.9208163698185,1.0,3.0
153,306.0,17.020201497475583,1.0,3.0
154,308.0,18.620688050682368,1.0,3.0
155,310.0,23.312488630442395,1.0,3.0
156,312.0,31.62453467410035,1.0,3.0
157,314.0,36.107342239881426,1.0,3.0
158,316.0,27.143931406732474,1.0,3.0
159,318.0,12.875819371954725,1.0,3.0
160,320.0,15.619182251997259,1.0,3.0
161,322.0,10.030120109087322,1.0,3.0
162,324.0,9.600004775069195,1.0,3.0
163,326.0,10.982031552579071,1.0,3.0
164,328.0,9.916155192596756,1.0,3.0
165,330.0,10.511450967728853,1.0,3.0
166,332.0,10.419590080185008,1.0,3.0
167,334.0,8.687148080044022,1.0,3.0
168,336.0,13.376437626133027,1.0,3.0
169,338.0,11.550940394494443,1.0,3.0
170,340.0,11.041832129800458,1.0,3.0
171,342.0,11.06072789936572,1.0,3.0
172,344.0,11.378029750183554,1.0,3.0
173,346.0,10.902334975814929,1.0,3.0
174,348.0,9.66972165998419,1.0,3.0
175,350.0,8.231618500048851,1.0,3.0
176,352.0,7.087093450924833,1.0,3.0
177,354.0,9.572006514849903,1.0,3.0
178,356.0,8.093258555484677,1.0,3.0
179,358.0,6.719253049683203,1.0,3.0
0,0.0,4.986427195441735,1.0,4.0
1,2.0,6.975888196195801,1.0,4.0
2,4.0,9.875998786510486,1.0,4.0
3,6.0,9.24912545055554,1.0,4.0
4,8.0,9.050326763518509,1.0,4.0
5,10.0,8.764247063296045,1.0,4.0
6,12.0,4.022488697160478,1.0,4.0
7,14.0,3.228527173017576,1.0,4.0
8,16.0,3.7465040608208127,1.0,4.0
9,18.0,4.079354714554244,1.0,4.0
10,20.0,5.558042556515386,1.0,4.0
11,22.0,8.589740645603984,1.0,4.0
12,24.0,8.550813494142455,1.0,4.0
13,26.0,6.90884740647823,1.0,4.0
14,28.0,7.031983061086473,1.0,4.0
15,30.0,7.299501827360324,1.0,4.0
16,32.0,7.68930703054575,1.0,4.0
17,34.0,6.032870522782224,1.0,4.0
18,36.0,5.731794195081871,1.0,4.0
19,38.0,5.423706617367112,1.0,4.0
20,40.0,5.486523180943147,1.0,4.0
21,42.0,7.843840003954773,1.0,4.0
22,44.0,7.195447372348335,1.0,4.0
23,46.0,4.158152015272054,1.0,4.0
24,48.0,2.9962875000082985,1.0,4.0
25,50.0,3.3893349705139673,1.0,4.0
26,52.0,2.2075871683970245,1.0,4.0
27,54.0,2.6339872594359592,1.0,4.0
28,56.0,2.452266591036861,1.0,4.0
29,58.0,3.2785632592410394,1.0,4.0
30,60.0,4.208067135910477,1.0,4.0
31,62.0,2.9242066610083395,1.0,4.0
32,64.0,2.1638877717665377,1.0,4.0
33,66.0,1.6505129290890779,1.0,4.0
34,68.0,1.5281543461699232,1.0,4.0
35,70.0,1.7691723498556449,1.0,4.0
36,72.0,1.83027445590873,1.0,4.0
37,74.0,1.129581717932353,1.0,4.0
38,76.0,1.2419965571417386,1.0,4.0
39,78.0,1.2354341988989903,1.0,4.0
40,80.0,0.9792622145843238,1.0,4.0
41,82.0,1.1986011893066832,1.0,4.0
42,84.0,1.494629574987494,1.0,4.0
43,86.0,1.3977453010213845,1.0,4.0
44,88.0,1.3075724691176926,1.0,4.0
45,90.0,1.682504420986811,1.0,4.0
46,92.0,4.474386907298622,1.0,4.0
47,94.0,7.562174391923894,1.0,4.0
48,96.0,10.200086173469668,1.0,4.0
49,98.0,10.525097796681127,1.0,4.0
50,100.0,9.42578560311712,1.0,4.0
51,102.0,7.852049135747463,1.0,4.0
52,104.0,8.495000852534906,1.0,4.0
53,106.0,5.758025748965492,1.0,4.0
54,108.0,11.021189325911516,1.0,4.0
55,110.0,9.425923099093968,1.0,4.0
56,112.0,8.923809042025162,1.0,4.0
57,114.0,8.211845665892275,1.0,4.0
58,116.0,7.972593838135328,1.0,4.0
59,118.0,7.039890837462459,1.0,4.0
60,120.0,5.862808201824588,1.0,4.0
61,122.0,6.468018653942648,1.0,4.0
62,124.0,5.625511349231712,1.0,4.0
63,126.0,5.354113116617811,1.0,4.0
64,128.0,5.441815759381749,1.0,4.0
65,130.0,6.249290302400969,1.0,4.0
66,132.0,6.047175929246424,1.0,4.0
67,134.0,5.878293632324034,1.0,4.0
68,136.0,5.5674464639510965,1.0,4.0
69,138.0,8.166576918040535,1.0,4.0
70,140.0,8.75966532544325,1.0,4.0
71,142.0,6.426282932429679,1.0,4.0
72,144.0,6.184829576755143,1.0,4.0
73,146.0,4.143326643581807,1.0,4.0
74,148.0,3.7929586175578702,1.0,4.0
75,150.0,4.346190860516632,1.0,4.0
76,152.0,3.5134405578746812,1.0,4.0
77,154.0,2.4787898889803652,1.0,4.0
78,156.0,2.0413234315330735,1.0,4.0
79,158.0,1.7616195437469182,1.0,4.0
80,160.0,1.3208980785421567,1.0,4.0
81,162.0,1.4262552235180124,1.0,4.0
82,164.0,1.6756249946906185,1.0,4.0
83,166.0,1.6309216968559215,1.0,4.0
84,168.0,3.0518085197523517,1.0,4.0
85,170.0,8.825325556104515,1.0,4.0
86,172.0,2.4566909442557034,1.0,4.0
87,174.0,6.572881929283973,1.0,4.0
88,176.0,8.326688616007234,1.0,4.0
89,178.0,12.826471886993863,1.0,4.0
90,180.0,21.47531274008733,1.0,4.0
91,182.0,7.973916491461506,1.0,4.0
92,184.0,7.051804809002484,1.0,4.0
93,186.0,8.077023810544551,1.0,4.0
94,188.0,7.133024099602446,1.0,4.0
95,190.0,7.041755713893624,1.0,4.0
96,192.0,7.289554934293005,1.0,4.0
97,194.0,9.272277511332424,1.0,4.0
98,196.0,6.261666600908155,1.0,4.0
99,198.0,4.845746776953529,1.0,4.0
100,200.0,6.18819855048777,1.0,4.0
101,202.0,6.5701641073669785,1.0,4.0
102,204.0,8.143785930011424,1.0,4.0
103,206.0,8.639943968208893,1.0,4.0
104,208.0,7.800026760877424,1.0,4.0
105,210.0,7.53766552594117,1.0,4.0
106,212.0,8.2492628124723,1.0,4.0
107,214.0,6.8762575153040135,1.0,4.0
108,216.0,5.834630188101797,1.0,4.0
109,218.0,6.158615618079145,1.0,4.0
110,220.0,7.260763407365763,1.0,4.0
111,222.0,8.226344023066082,1.0,4.0
112,224.0,5.107768133138964,1.0,4.0
113,226.0,4.18809772677514,1.0,4.0
114,228.0,4.864219501677071,1.0,4.0
115,230.0,4.277898919548355,1.0,4.0
116,232.0,2.5539994028513497,1.0,4.0
117,234.0,3.9794333814990246,1.0,4.0
118,236.0,5.429399299362221,1.0,4.0
119,238.0,4.76564761176423,1.0,4.0
120,240.0,3.312499662445978,1.0,4.0
121,242.0,2.8153988190864307,1.0,4.0
122,244.0,4.358192147487454,1.0,4.0
123,246.0,4.826104672617658,1.0,4.0
124,248.0,3.657371657225962,1.0,4.0
125,250.0,2.304668999181576,1.0,4.0
126,252.0,1.5467004185874176,1.0,4.0
127,254.0,1.287068945592573,1.0,4.0
128,256.0,1.5061907117615931,1.0,4.0
129,258.0,1.2980104476051642,1.0,4.0
130,260.0,1.5577501790983521,1.0,4.0
131,262.0,1.7255117316241686,1.0,4.0
132,264.0,1.6088086093708116,1.0,4.0
133,266.0,1.6241640869835765,1.0,4.0
134,268.0,1.9011276431105673,1.0,4.0
135,270.0,3.5976911547302017,1.0,4.0
136,272.0,5.596942644419536,1.0,4.0
137,274.0,7.2961034891503145,1.0,4.0
138,276.0,7.121015226852782,1.0,4.0
139,278.0,9.25496947046617,1.0,4.0
140,280.0,8.744505361995472,1.0,4.0
141,282.0,7.525356381000108,1.0,4.0
142,284.0,7.07328890436692,1.0,4.0
143,286.0,6.190788865579556,1.0,4.0
144,288.0,4.484232035883384,1.0,4.0
145,290.0,7.280940554570261,1.0,4.0
146,292.0,6.259900783564291,1.0,4.0
147,294.0,4.738892480124817,1.0,4.0
148,296.0,4.202778228018664,1.0,4.0
149,298.0,6.546572616898277,1.0,4.0
150,300.0,6.539197942123122,1.0,4.0
151,302.0,6.387813765962734,1.0,4.0
152,304.0,6.140203186850507,1.0,4.0
153,306.0,4.811536374306749,1.0,4.0
154,308.0,4.586097801598935,1.0,4.0
155,310.0,5.281916236972719,1.0,4.0
156,312.0,5.814860000643529,1.0,4.0
157,314.0,5.578767050000365,1.0,4.0
158,316.0,6.6271507832540895,1.0,4.0
159,318.0,7.749629399001537,1.0,4.0
160,320.0,9.730185209517346,1.0,4.0
161,322.0,7.8497084555321,1.0,4.0
162,324.0,5.100671822723399,1.0,4.0
163,326.0,5.160732681378565,1.0,4.0
164,328.0,5.2438993699014835,1.0,4.0
165,330.0,6.91491011930773,1.0,4.0
166,332.0,4.919954220964774,1.0,4.0
167,334.0,3.250827596316553,1.0,4.0
168,336.0,3.4251541217669166,1.0,4.0
169,338.0,5.59804756412158,1.0,4.0
170,340.0,5.815356913981123,1.0,4.0
171,342.0,5.281298600041545,1.0,4.0
172,344.0,2.382295499287553,1.0,4.0
173,346.0,1.885245370082593,1.0,4.0
174,348.0,1.4988829984534928,1.0,4.0
175,350.0,1.2608704060686302,1.0,4.0
176,352.0,1.7703393559772311,1.0,4.0
177,354.0,2.122919919329959,1.0,4.0
178,356.0,2.015571475390272,1.0,4.0
179,358.0,2.4392221719627916,1.0,4.0
0,0.0,1.7204377320024462,1.0,5.0
1,2.0,2.380152041318086,1.0,5.0
2,4.0,2.929615762086865,1.0,5.0
3,6.0,2.5703583176957143,1.0,5.0
4,8.0,2.3446212032889786,1.0,5.0
5,10.0,5.345132558447471,1.0,5.0
6,12.0,3.376072102780337,1.0,5.0
7,14.0,1.8890512165883624,1.0,5.0
8,16.0,1.4781291917175836,1.0,5.0
9,18.0,1.5039985315981812,1.0,5.0
10,20.0,1.5748525816450143,1.0,5.0
11,22.0,1.8498618264169595,1.0,5.0
12,24.0,1.4255436490741928,1.0,5.0
13,26.0,0.9732787271467279,1.0,5.0
14,28.0,0.7527409085499019,1.0,5.0
15,30.0,0.7847048790541473,1.0,5.0
16,32.0,0.7219237833698081,1.0,5.0
17,34.0,0.8344435257471078,1.0,5.0
18,36.0,0.7389266684594347,1.0,5.0
19,38.0,0.6609593419138764,1.0,5.0
20,40.0,0.725309153825319,1.0,5.0
21,42.0,0.6366526730093586,1.0,5.0
22,44.0,0.6106845862024436,1.0,5.0
23,46.0,0.5896702733835469,1.0,5.0
24,48.0,0.762152940175474,1.0,5.0
25,50.0,0.9125059626768581,1.0,5.0
26,52.0,0.6739783761630092,1.0,5.0
27,54.0,0.6225297969474219,1.0,5.0
28,56.0,0.7071144028599586,1.0,5.0
29,58.0,0.743241559359096,1.0,5.0
30,60.0,0.9527113760374223,1.0,5.0
31,62.0,1.0219500559298609,1.0,5.0
32,64.0,0.8236537585213634,1.0,5.0
33,66.0,0.9439686805389542,1.0,5.0
34,68.0,1.339506041011264,1.0,5.0
35,70.0,1.246902317034323,1.0,5.0
36,72.0,1.5275909622851054,1.0,5.0
37,74.0,1.2577955616259935,1.0,5.0
38,76.0,0.7628303220519768,1.0,5.0
39,78.0,1.2209460763367517,1.0,5.0
40,80.0,2.377075826035147,1.0,5.0
41,82.0,3.2935822625253883,1.0,5.0
42,84.0,1.7831688332669855,1.0,5.0
43,86.0,1.5357234380109563,1.0,5.0
44,88.0,1.3984253616127023,1.0,5.0
45,90.0,1.1775935465943925,1.0,5.0
46,92.0,1.3454535221461514,1.0,5.0
47,94.0,1.7626389921692232,1.0,5.0
48,96.0,1.5158788996746924,1.0,5.0
49,98.0,0.9743556628166788,1.0,5.0
50,100.0,0.9736566783324938,1.0,5.0
51,102.0,0.838286871058639,1.0,5.0
52,104.0,0.9634798202663539,1.0,5.0
53,106.0,0.9786217690901928,1.0,5.0
54,108.0,0.992878482708916,1.0,5.0
55,110.0,1.075942889149013,1.0,5.0
56,112.0,0.7635990598430606,1.0,5.0
57,114.0,0.6092817656653262,1.0,5.0
58,116.0,0.6448167042091737,1.0,5.0
59,118.0,0.6767277108652735,1.0,5.0
60,120.0,0.6891174691140001,1.0,5.0
61,122.0,0.8619470518860457,1.0,5.0
62,124.0,0.7405371523605286,1.0,5.0
63,126.0,0.8061722820765899,1.0,5.0
64,128.0,0.9241893448960578,1.0,5.0
65,130.0,1.2678214639737426,1.0,5.0
66,132.0,2.1112046764127173,1.0,5.0
67,134.0,2.045823399214896,1.0,5.0
68,136.0,2.6054656295682026,1.0,5.0
69,138.0,2.898096273613382,1.0,5.0
70,140.0,2.1630143506542505,1.0,5.0
71,142.0,1.6344059385685403,1.0,5.0
72,144.0,1.0615730419844263,1.0,5.0
73,146.0,1.2236152673068412,1.0,5.0
74,148.0,1.3141807838613868,1.0,5.0
75,150.0,1.3696289425624673,1.0,5.0
76,152.0,1.6542069728686533,1.0,5.0
77,154.0,2.5738520306929127,1.0,5.0
78,156.0,1.8934363293032104,1.0,5.0
79,158.0,2.2906532973254516,1.0,5.0
80,160.0,2.3846243803511085,1.0,5.0
81,162.0,2.0907507016411584,1.0,5.0
82,164.0,1.876474877848639,1.0,5.0
83,166.0,1.483945400351884,1.0,5.0
84,168.0,1.2802813938784519,1.0,5.0
85,170.0,1.3740345341054359,1.0,5.0
86,172.0,1.334114178689884,1.0,5.0
87,174.0,0.8705858922237492,1.0,5.0
88,176.0,0.8021871569789277,1.0,5.0
89,178.0,0.8614721232198436,1.0,5.0
90,180.0,0.8812613327549592,1.0,5.0
91,182.0,1.0427832513418756,1.0,5.0
92,184.0,1.132553298452471,1.0,5.0
93,186.0,1.0309675278042072,1.0,5.0
94,188.0,0.8502080142972805,1.0,5.0
95,190.0,0.8475482191061693,1.0,5.0
96,192.0,0.7776666924812177,1.0,5.0
97,194.0,0.8695872246519926,1.0,5.0
98,196.0,0.7476017194719105,1.0,5.0
99,198.0,0.7918348100086685,1.0,5.0
100,200.0,1.889260471172972,1.0,5.0
101,202.0,6.434447783252194,1.0,5.0
102,204.0,4.575535460462635,1.0,5.0
103,206.0,7.6760319421095735,1.0,5.0
104,208.0,10.926642321335088,1.0,5.0
105,210.0,2.6940123385720334,1.0,5.0
106,212.0,1.8464745440420904,1.0,5.0
107,214.0,2.222336601190298,1.0,5.0
108,216.0,2.1071916499922936,1.0,5.0
109,218.0,1.6034591539864378,1.0,5.0
110,220.0,2.0770390456559347,1.0,5.0
111,222.0,2.6978282798839546,1.0,5.0
112,224.0,3.732361038368865,1.0,5.0
113,226.0,4.954605990435736,1.0,5.0
114,228.0,4.894807103686196,1.0,5.0
115,230.0,2.736661183806282,1.0,5.0
116,232.0,2.0592557260762736,1.0,5.0
117,234.0,2.0822522046154273,1.0,5.0
118,236.0,2.6159608982468456,1.0,5.0
119,238.0,2.437584053543202,1.0,5.0
120,240.0,1.8092065645246609,1.0,5.0
121,242.0,1.6323651975728544,1.0,5.0
122,244.0,1.1822802516481274,1.0,5.0
123,246.0,1.269291363371811,1.0,5.0
124,248.0,1.1701771735143414,1.0,5.0
125,250.0,1.1274793728992178,1.0,5.0
126,252.0,1.2104912039581839,1.0,5.0
127,254.0,1.1059998452237816,1.0,5.0
128,256.0,1.2015143546339246,1.0,5.0
129,258.0,1.2135453230455508,1.0,5.0
130,260.0,0.8801724298465307,1.0,5.0
131,262.0,0.8806024244057287,1.0,5.0
132,264.0,1.1827733059288406,1.0,5.0
133,266.0,1.1924046581303112,1.0,5.0
134,268.0,1.0289165159115532,1.0,5.0
135,270.0,0.9604822722207813,1.0,5.0
136,272.0,0.9176732761259727,1.0,5.0
137,274.0,1.446516160068153,1.0,5.0
138,276.0,1.557319399067403,1.0,5.0
139,278.0,1.1895535322650732,1.0,5.0
140,280.0,1.0525273443533352,1.0,5.0
141,282.0,1.3727470434468878,1.0,5.0
142,284.0,1.2956346687552125,1.0,5.0
143,286.0,1.1939438071088277,1.0,5.0
144,288.0,2.191576844263147,1.0,5.0
145,290.0,1.7991835692761793,1.0,5.0
146,292.0,1.8209002923460198,1.0,5.0
147,294.0,1.4754006885586803,1.0,5.0
148,296.0,1.478450922975959,1.0,5.0
149,298.0,2.720459684811965,1.0,5.0
150,300.0,4.368224312264901,1.0,5.0
151,302.0,2.63358553545662,1.0,5.0
152,304.0,1.783172820389916,1.0,5.0
153,306.0,1.655660718869339,1.0,5.0
154,308.0,1.8455244049643837,1.0,5.0
155,310.0,1.8813856814090357,1.0,5.0
156,312.0,1.3603489011409535,1.0,5.0
157,314.0,1.6463974284867608,1.0,5.0
158,316.0,1.6416934942808508,1.0,5.0
159,318.0,1.325157580876515,1.0,5.0
160,320.0,1.0388816936087095,1.0,5.0
161,322.0,1.0702334571821712,1.0,5.0
162,324.0,1.0200058169694084,1.0,5.0
163,326.0,1.171637792392874,1.0,5.0
164,328.0,1.0726437455629034,1.0,5.0
165,330.0,0.8025654811570558,1.0,5.0
166,332.0,0.7963470720309995,1.0,5.0
167,334.0,0.6876408718616777,1.0,5.0
168,336.0,0.6922246288891455,1.0,5.0
169,338.0,0.7090651262312554,1.0,5.0
170,340.0,0.9052097347587352,1.0,5.0
171,342.0,0.7244364157319506,1.0,5.0
172,344.0,0.899619378602337,1.0,5.0
173,346.0,0.8847008452662499,1.0,5.0
174,348.0,0.7648632125989892,1.0,5.0
175,350.0,0.9091794236288746,1.0,5.0
176,352.0,1.8508287640247667,1.0,5.0
177,354.0,2.6416703023111214,1.0,5.0
178,356.0,3.459737674723527,1.0,5.0
179,358.0,3.0086143863657187,1.0,5.0
0,0.0,1.0707421845471845,1.0,6.0
1,2.0,0.9156526010788064,1.0,6.0
2,4.0,0.914632689084091,1.0,6.0
3,6.0,1.898722037678283,1.0,6.0
4,8.0,1.3338992571826955,1.0,6.0
5,10.0,1.6739524649242137,1.0,6.0
6,12.0,2.3823284117280044,1.0,6.0
7,14.0,4.735696622339175,1.0,6.0
8,16.0,4.290635385669867,1.0,6.0
9,18.0,2.003647336473349,1.0,6.0
10,20.0,2.2274752769368837,1.0,6.0
11,22.0,2.3778417815913544,1.0,6.0
12,24.0,2.5142115552401276,1.0,6.0
13,26.0,3.089959464504216,1.0,6.0
14,28.0,2.8629925579955597,1.0,6.0
15,30.0,2.7313207592126516,1.0,6.0
16,32.0,2.033816727066807,1.0,6.0
17,34.0,1.4597270532638527,1.0,6.0
18,36.0,1.0577152337473277,1.0,6.0
19,38.0,0.8623943833863476,1.0,6.0
20,40.0,0.7805759987515789,1.0,6.0
21,42.0,0.7485102498909656,1.0,6.0
22,44.0,0.8376207867419099,1.0,6.0
23,46.0,0.8507731345442536,1.0,6.0
24,48.0,0.8018994000419785,1.0,6.0
25,50.0,0.7380875551739066,1.0,6.0
26,52.0,0.5576986359919595,1.0,6.0
27,54.0,0.6277550325351339,1.0,6.0
28,56.0,0.9069205648109089,1.0,6.0
29,58.0,1.130327899023704,1.0,6.0
30,60.0,1.0424424505155012,1.0,6.0
31,62.0,1.0615681413236973,1.0,6.0
32,64.0,1.2855611173002677,1.0,6.0
33,66.0,1.618005057814615,1.0,6.0
34,68.0,1.3801738667163754,1.0,6.0
35,70.0,1.7540760779218811,1.0,6.0
36,72.0,1.4624558621804433,1.0,6.0
37,74.0,4.068813898652391,1.0,6.0
38,76.0,2.817478679990594,1.0,6.0
39,78.0,3.102667316401973,1.0,6.0
40,80.0,3.479901874450691,1.0,6.0
41,82.0,2.5956653625196897,1.0,6.0
42,84.0,2.654303437275446,1.0,6.0
43,86.0,2.23418598475397,1.0,6.0
44,88.0,2.7169773214013757,1.0,6.0
45,90.0,2.798817215795942,1.0,6.0
46,92.0,2.5281969801483255,1.0,6.0
47,94.0,2.0188093863304686,1.0,6.0
48,96.0,2.066720964890972,1.0,6.0
49,98.0,1.6827871481297658,1.0,6.0
50,100.0,1.4894823060091615,1.0,6.0
51,102.0,1.5289069476390962,1.0,6.0
52,104.0,1.2870646383045292,1.0,6.0
53,106.0,1.2705025138597794,1.0,6.0
54,108.0,1.527265725752305,1.0,6.0
55,110.0,1.0394446207246284,1.0,6.0
56,112.0,1.0256752453720532,1.0,6.0
57,114.0,1.1135762496360913,1.0,6.0
58,116.0,1.390604859046055,1.0,6.0
59,118.0,1.297207857689008,1.0,6.0
60,120.0,1.143518240820524,1.0,6.0
61,122.0,1.261752657334852,1.0,6.0
62,124.0,1.5228376927690404,1.0,6.0
63,126.0,1.3230250933647998,1.0,6.0
64,128.0,1.2418302377665793,1.0,6.0
65,130.0,1.5681551740205064,1.0,6.0
66,132.0,1.9625340063435368,1.0,6.0
67,134.0,2.2603262243444826,1.0,6.0
68,136.0,2.218762875461818,1.0,6.0
69,138.0,2.0706637812355906,1.0,6.0
70,140.0,2.3301684987260463,1.0,6.0
71,142.0,2.819721645812132,1.0,6.0
72,144.0,2.8949028442801445,1.0,6.0
73,146.0,2.69561542665892,1.0,6.0
74,148.0,2.479067250155955,1.0,6.0
75,150.0,2.5756584278981784,1.0,6.0
76,152.0,2.6825578978905105,1.0,6.0
77,154.0,2.1688230081942588,1.0,6.0
78,156.0,1.8743807503868442,1.0,6.0
79,158.0,1.5616188921593468,1.0,6.0
80,160.0,1.4747766824761086,1.0,6.0
81,162.0,1.501710910213292,1.0,6.0
82,164.0,1.3839475718460177,1.0,6.0
83,166.0,1.2477246568693554,1.0,6.0
84,168.0,1.1518744095105584,1.0,6.0
85,170.0,1.382567506511008,1.0,6.0
86,172.0,1.1494971450944644,1.0,6.0
87,174.0,2.502338037629908,1.0,6.0
88,176.0,14.33937143253941,1.0,6.0
89,178.0,5.36550692656384,1.0,6.0
90,180.0,6.756127157804393,1.0,6.0
91,182.0,2.08879537216104,1.0,6.0
92,184.0,2.434420028174347,1.0,6.0
93,186.0,1.5217310228310306,1.0,6.0
94,188.0,1.4785973707695013,1.0,6.0
95,190.0,1.8855026462331568,1.0,6.0
96,192.0,2.317491518216116,1.0,6.0
97,194.0,1.699844700345959,1.0,6.0
98,196.0,2.5190191012813186,1.0,6.0
99,198.0,2.342888313059808,1.0,6.0
100,200.0,2.7144941634399333,1.0,6.0
101,202.0,2.316883648455455,1.0,6.0
102,204.0,1.9392127949980296,1.0,6.0
103,206.0,1.90558226687404,1.0,6.0
104,208.0,1.9047122971417203,1.0,6.0
105,210.0,1.871844419402721,1.0,6.0
106,212.0,2.2331538620618865,1.0,6.0
107,214.0,2.058249246475651,1.0,6.0
108,216.0,1.4468887810383229,1.0,6.0
109,218.0,1.377293131981082,1.0,6.0
110,220.0,1.248453292912275,1.0,6.0
111,222.0,1.2680825735679717,1.0,6.0
112,224.0,1.0469790023980678,1.0,6.0
113,226.0,1.0752877288660903,1.0,6.0
114,228.0,1.0226357130074286,1.0,6.0
115,230.0,0.9968923202143013,1.0,6.0
116,232.0,1.1832276501124275,1.0,6.0
117,234.0,1.1933463363111816,1.0,6.0
118,236.0,1.3399838725078614,1.0,6.0
119,238.0,1.757205892580725,1.0,6.0
120,240.0,1.4952696747032996,1.0,6.0
121,242.0,1.4444852374693964,1.0,6.0
122,244.0,1.6873487497311135,1.0,6.0
123,246.0,1.0947851185689164,1.0,6.0
124,248.0,1.3038222726454023,1.0,6.0
125,250.0,1.4081555295759915,1.0,6.0
126,252.0,3.065452847147825,1.0,6.0
127,254.0,4.2482599454375904,1.0,6.0
128,256.0,3.1976191078707443,1.0,6.0
129,258.0,3.801071751041759,1.0,6.0
130,260.0,2.733535706317553,1.0,6.0
131,262.0,1.9489780189072374,1.0,6.0
132,264.0,1.7597662060665769,1.0,6.0
133,266.0,2.6034278938557467,1.0,6.0
134,268.0,3.0839809476300637,1.0,6.0
135,270.0,3.0952931240089083,1.0,6.0
136,272.0,2.7338971770039064,1.0,6.0
137,274.0,2.464440357359693,1.0,6.0
138,276.0,1.5155492918208275,1.0,6.0
139,278.0,1.3102065358399786,1.0,6.0
140,280.0,1.2842083428398623,1.0,6.0
141,282.0,1.2679886072404694,1.0,6.0
142,284.0,1.1204172817314102,1.0,6.0
143,286.0,1.3834089004393888,1.0,6.0
144,288.0,1.0231593153092025,1.0,6.0
145,290.0,1.074082217553056,1.0,6.0
146,292.0,0.9564122307962638,1.0,6.0
147,294.0,0.873209410572635,1.0,6.0
148,296.0,0.8032830437557825,1.0,6.0
149,298.0,0.9387809000011034,1.0,6.0
150,300.0,1.0275814188344894,1.0,6.0
151,302.0,0.9097957457486305,1.0,6.0
152,304.0,1.0992069147356902,1.0,6.0
153,306.0,1.4123408645936975,1.0,6.0
154,308.0,1.3339497418856132,1.0,6.0
155,310.0,1.9601228044250023,1.0,6.0
156,312.0,2.5813558472698155,1.0,6.0
157,314.0,3.923616904846962,1.0,6.0
158,316.0,7.940334205817388,1.0,6.0
159,318.0,4.117941814375765,1.0,6.0
160,320.0,3.46076052970269,1.0,6.0
161,322.0,3.0914419901472905,1.0,6.0
162,324.0,3.138005302172236,1.0,6.0
163,326.0,3.7896318330499623,1.0,6.0
164,328.0,3.826425088806858,1.0,6.0
165,330.0,3.0520447076938457,1.0,6.0
166,332.0,2.4849918843080747,1.0,6.0
167,334.0,2.018330803513065,1.0,6.0
168,336.0,1.5174332287486407,1.0,6.0
169,338.0,1.6379079131597896,1.0,6.0
170,340.0,0.9788265210860352,1.0,6.0
171,342.0,0.885833683366515,1.0,6.0
172,344.0,0.8869181125010389,1.0,6.0
173,346.0,0.8624817447074833,1.0,6.0
174,348.0,0.7531789104386845,1.0,6.0
175,350.0,0.7699079561690144,1.0,6.0
176,352.0,0.702113171863815,1.0,6.0
177,354.0,0.7669424246351778,1.0,6.0
178,356.0,0.655102960561475,1.0,6.0
179,358.0,0.7101317456475184,1.0,6.0
0,0.0,8.477535958998653,2.0,3.0
1,2.0,8.840794337884473,2.0,3.0
2,4.0,9.449148085880672,2.0,3.0
3,6.0,9.91764089214339,2.0,3.0
4,8.0,9.173537591829088,2.0,3.0
5,10.0,10.024832631266396,2.0,3.0
6,12.0,10.938292228156799,2.0,3.0
7,14.0,9.891665137915526,2.0,3.0
8,16.0,11.148725709821822,2.0,3.0
9,18.0,12.429901545786958,2.0,3.0
10,20.0,11.474584984055284,2.0,3.0
11,22.0,10.808911845782646,2.0,3.0
12,24.0,11.929669694619891,2.0,3.0
13,26.0,9.878677150611413,2.0,3.0
14,28.0,9.95709096448858,2.0,3.0
15,30.0,10.05281809555316,2.0,3.0
16,32.0,10.332246010613114,2.0,3.0
17,34.0,10.923543536012176,2.0,3.0
18,36.0,11.80249700974521,2.0,3.0
19,38.0,12.25248031711899,2.0,3.0
20,40.0,11.761233837004363,2.0,3.0
21,42.0,14.870583729381782,2.0,3.0
22,44.0,13.757817173058589,2.0,3.0
23,46.0,10.75456245107559,2.0,3.0
24,48.0,6.663115585089433,2.0,3.0
25,50.0,11.43829972361789,2.0,3.0
26,52.0,11.770585682923947,2.0,3.0
27,54.0,14.371984245401572,2.0,3.0
28,56.0,18.89007558019191,2.0,3.0
29,58.0,26.588576191569217,2.0,3.0
30,60.0,15.48626450397974,2.0,3.0
31,62.0,21.504022116914324,2.0,3.0
32,64.0,21.169409619086135,2.0,3.0
33,66.0,19.781957782400994,2.0,3.0
34,68.0,15.16756362551423,2.0,3.0
35,70.0,11.417350679659819,2.0,3.0
36,72.0,15.316578579806265,2.0,3.0
37,74.0,18.742292187981278,2.0,3.0
38,76.0,25.666961251693046,2.0,3.0
39,78.0,19.787468951051736,2.0,3.0
40,80.0,6.0867945269044625,2.0,3.0
41,82.0,8.329790375664079,2.0,3.0
42,84.0,7.872275507271532,2.0,3.0
43,86.0,11.229683441529215,2.0,3.0
44,88.0,13.267932668949861,2.0,3.0
45,90.0,8.074444244463018,2.0,3.0
46,92.0,7.921162406963439,2.0,3.0
47,94.0,9.241414750883719,2.0,3.0
48,96.0,11.002594882948129,2.0,3.0
49,98.0,14.108744780472982,2.0,3.0
50,100.0,13.379614991715147,2.0,3.0
51,102.0,12.945435293867188,2.0,3.0
52,104.0,12.339846265707758,2.0,3.0
53,106.0,11.118547269227742,2.0,3.0
54,108.0,9.963481889252037,2.0,3.0
55,110.0,7.6560165252469,2.0,3.0
56,112.0,7.516152316895383,2.0,3.0
57,114.0,7.048140634493907,2.0,3.0
58,116.0,7.600898375673293,2.0,3.0
59,118.0,8.339821200016907,2.0,3.0
60,120.0,9.238403196681473,2.0,3.0
61,122.0,11.278193067184556,2.0,3.0
62,124.0,12.603847488827894,2.0,3.0
63,126.0,12.489976790528042,2.0,3.0
64,128.0,9.263042971777384,2.0,3.0
65,130.0,7.155478201357341,2.0,3.0
66,132.0,8.902451356386777,2.0,3.0
67,134.0,9.568793286505795,2.0,3.0
68,136.0,7.488953500436362,2.0,3.0
69,138.0,7.98195901786486,2.0,3.0
70,140.0,8.99441389848982,2.0,3.0
71,142.0,9.962603031736037,2.0,3.0
72,144.0,11.367668613613596,2.0,3.0
73,146.0,14.167571479440399,2.0,3.0
74,148.0,17.397384218657404,2.0,3.0
75,150.0,21.170669466688466,2.0,3.0
76,152.0,20.89797339141056,2.0,3.0
77,154.0,19.91823447231081,2.0,3.0
78,156.0,17.891648996718757,2.0,3.0
79,158.0,15.426159044189344,2.0,3.0
80,160.0,12.328089132386578,2.0,3.0
81,162.0,13.913115407265526,2.0,3.0
82,164.0,14.820847833974401,2.0,3.0
83,166.0,13.85844804590829,2.0,3.0
84,168.0,11.778542707098266,2.0,3.0
85,170.0,15.51484945183555,2.0,3.0
86,172.0,20.673033674375358,2.0,3.0
87,174.0,24.809988387522946,2.0,3.0
88,176.0,35.07270860377135,2.0,3.0
89,178.0,30.888093150760564,2.0,3.0
90,180.0,34.671657658468924,2.0,3.0
91,182.0,32.488133308416394,2.0,3.0
92,184.0,31.672963780363133,2.0,3.0
93,186.0,24.99240808096045,2.0,3.0
94,188.0,20.802725528316692,2.0,3.0
95,190.0,20.57504235054197,2.0,3.0
96,192.0,15.74955147287404,2.0,3.0
97,194.0,34.25711594976784,2.0,3.0
98,196.0,19.572410417462407,2.0,3.0
99,198.0,18.05725702048136,2.0,3.0
100,200.0,14.285108081140395,2.0,3.0
101,202.0,11.03543383056712,2.0,3.0
102,204.0,9.850252831729454,2.0,3.0
103,206.0,10.723863012189337,2.0,3.0
104,208.0,11.857788709089478,2.0,3.0
105,210.0,9.452886120347378,2.0,3.0
106,212.0,9.996196574385694,2.0,3.0
107,214.0,9.244783080017257,2.0,3.0
108,216.0,11.724458567056548,2.0,3.0
109,218.0,14.803156209684346,2.0,3.0
110,220.0,17.905503211558553,2.0,3.0
111,222.0,16.94572767608669,2.0,3.0
112,224.0,13.588308574469723,2.0,3.0
113,226.0,13.285571828849358,2.0,3.0
114,228.0,11.319472557674176,2.0,3.0
115,230.0,12.742431497747805,2.0,3.0
116,232.0,13.041355187811169,2.0,3.0
117,234.0,12.689157439485937,2.0,3.0
118,236.0,11.964835412347114,2.0,3.0
119,238.0,11.872425975235569,2.0,3.0
120,240.0,11.905422670342297,2.0,3.0
121,242.0,10.352667374433038,2.0,3.0
122,244.0,8.668288373877585,2.0,3.0
123,246.0,6.89063627586547,2.0,3.0
124,248.0,6.0389697600482855,2.0,3.0
125,250.0,5.889364762789339,2.0,3.0
126,252.0,6.581266648164737,2.0,3.0
127,254.0,7.783364181425473,2.0,3.0
128,256.0,7.963994766574059,2.0,3.0
129,258.0,9.283572287804356,2.0,3.0
130,260.0,7.181171264194023,2.0,3.0
131,262.0,7.761550179386387,2.0,3.0
132,264.0,10.442454650695808,2.0,3.0
133,266.0,12.443100625957047,2.0,3.0
134,268.0,12.036095254071125,2.0,3.0
135,270.0,10.764671693470607,2.0,3.0
136,272.0,11.74167962546373,2.0,3.0
137,274.0,10.907911193479727,2.0,3.0
138,276.0,9.784641112486737,2.0,3.0
139,278.0,7.482649018120137,2.0,3.0
140,280.0,7.816630856834629,2.0,3.0
141,282.0,6.093075291388751,2.0,3.0
142,284.0,8.914987037358253,2.0,3.0
143,286.0,11.694379353102818,2.0,3.0
144,288.0,7.0924265138552105,2.0,3.0
145,290.0,4.36150390131031,2.0,3.0
146,292.0,5.349917207613491,2.0,3.0
147,294.0,8.41927116853218,2.0,3.0
148,296.0,12.015710178832817,2.0,3.0
149,298.0,13.238979010407201,2.0,3.0
150,300.0,11.100594842701923,2.0,3.0
151,302.0,7.863200947822342,2.0,3.0
152,304.0,9.407380522879583,2.0,3.0
153,306.0,16.908690241066953,2.0,3.0
154,308.0,16.715251189998025,2.0,3.0
155,310.0,22.42574223743485,2.0,3.0
156,312.0,30.289945438678142,2.0,3.0
157,314.0,36.802776630793566,2.0,3.0
158,316.0,29.09548113700365,2.0,3.0
159,318.0,13.942002535496814,2.0,3.0
160,320.0,15.562369874000044,2.0,3.0
161,322.0,8.954328414713363,2.0,3.0
162,324.0,10.74482850836559,2.0,3.0
163,326.0,11.055231560763234,2.0,3.0
164,328.0,9.696422030581948,2.0,3.0
165,330.0,8.476774633607366,2.0,3.0
166,332.0,8.805107359463113,2.0,3.0
167,334.0,7.55365656973167,2.0,3.0
168,336.0,11.237618955943741,2.0,3.0
169,338.0,11.82479706832272,2.0,3.0
170,340.0,12.920027429848176,2.0,3.0
171,342.0,13.025169278723633,2.0,3.0
172,344.0,13.74697948671973,2.0,3.0
173,346.0,13.0744301056594,2.0,3.0
174,348.0,11.136657558500696,2.0,3.0
175,350.0,9.001773794443169,2.0,3.0
176,352.0,8.867613289237344,2.0,3.0
177,354.0,12.847544198790983,2.0,3.0
178,356.0,10.530224955021213,2.0,3.0
179,358.0,9.110986948328165,2.0,3.0
0,0.0,12.609126990356643,2.0,4.0
1,2.0,7.111653904179117,2.0,4.0
2,4.0,9.346040759593892,2.0,4.0
3,6.0,9.935667034553001,2.0,4.0
4,8.0,9.198565314199334,2.0,4.0
5,10.0,9.58349008201935,2.0,4.0
6,12.0,6.843607100116019,2.0,4.0
7,14.0,4.975393288577351,2.0,4.0
8,16.0,4.271595078629603,2.0,4.0
9,18.0,4.561353012344543,2.0,4.0
10,20.0,3.994417216779661,2.0,4.0
11,22.0,6.022785115612983,2.0,4.0
12,24.0,6.1546685232613285,2.0,4.0
13,26.0,4.614878049109092,2.0,4.0
14,28.0,5.081043309396786,2.0,4.0
15,30.0,5.9265102663427776,2.0,4.0
16,32.0,6.4180218997370435,2.0,4.0
17,34.0,6.367975345981862,2.0,4.0
18,36.0,5.875003449092354,2.0,4.0
19,38.0,5.174896888622718,2.0,4.0
20,40.0,4.550310857889579,2.0,4.0
21,42.0,5.5877282688635885,2.0,4.0
22,44.0,5.9346013361812355,2.0,4.0
23,46.0,2.9465842433001956,2.0,4.0
24,48.0,2.6100422639890315,2.0,4.0
25,50.0,4.167783942703514,2.0,4.0
26,52.0,4.087723770423863,2.0,4.0
27,54.0,3.465618217870128,2.0,4.0
28,56.0,2.9910276204204562,2.0,4.0
29,58.0,3.207393053077748,2.0,4.0
30,60.0,5.602359763499802,2.0,4.0
31,62.0,3.4327474010153436,2.0,4.0
32,64.0,2.4804197791564366,2.0,4.0
33,66.0,1.6382540500714509,2.0,4.0
34,68.0,1.2885455428449006,2.0,4.0
35,70.0,1.1199883757336124,2.0,4.0
36,72.0,1.0422791236169733,2.0,4.0
37,74.0,1.0631497698099828,2.0,4.0
38,76.0,0.9955279813898542,2.0,4.0
39,78.0,0.9386978278253235,2.0,4.0
40,80.0,2.0290799545920226,2.0,4.0
41,82.0,2.0895129518352404,2.0,4.0
42,84.0,2.0874459615688004,2.0,4.0
43,86.0,2.5325096683119694,2.0,4.0
44,88.0,2.701876737910699,2.0,4.0
45,90.0,3.7974030899526836,2.0,4.0
46,92.0,6.931586956779596,2.0,4.0
47,94.0,8.433563360714778,2.0,4.0
48,96.0,11.03488488399467,2.0,4.0
49,98.0,12.167749451243067,2.0,4.0
50,100.0,12.523647838749293,2.0,4.0
51,102.0,10.786623306746028,2.0,4.0
52,104.0,12.781910785159955,2.0,4.0
53,106.0,14.46892888970221,2.0,4.0
54,108.0,18.41029898018802,2.0,4.0
55,110.0,15.273560464663358,2.0,4.0
56,112.0,12.84588075317617,2.0,4.0
57,114.0,10.93521820440408,2.0,4.0
58,116.0,9.293731681930595,2.0,4.0
59,118.0,7.12361907852573,2.0,4.0
60,120.0,5.789757514382301,2.0,4.0
61,122.0,6.277264358137394,2.0,4.0
62,124.0,6.121650634291034,2.0,4.0
63,126.0,6.3896386772495335,2.0,4.0
64,128.0,6.182000747188668,2.0,4.0
65,130.0,6.9629556592221915,2.0,4.0
66,132.0,6.444290166954684,2.0,4.0
67,134.0,6.409458212824545,2.0,4.0
68,136.0,5.074623423564024,2.0,4.0
69,138.0,6.304154146956287,2.0,4.0
70,140.0,7.840925280490633,2.0,4.0
71,142.0,6.128362571542176,2.0,4.0
72,144.0,7.160435339213546,2.0,4.0
73,146.0,6.659209193930218,2.0,4.0
74,148.0,7.215385389293905,2.0,4.0
75,150.0,6.893631121717444,2.0,4.0
76,152.0,5.333045218830437,2.0,4.0
77,154.0,3.926525737272951,2.0,4.0
78,156.0,3.235349696100655,2.0,4.0
79,158.0,3.1209134495998008,2.0,4.0
80,160.0,2.147701186063386,2.0,4.0
81,162.0,1.8473777511824558,2.0,4.0
82,164.0,2.1676316268350666,2.0,4.0
83,166.0,3.6718165126742326,2.0,4.0
84,168.0,5.810844511086116,2.0,4.0
85,170.0,2.8397668593750827,2.0,4.0
86,172.0,3.9007639627332225,2.0,4.0
87,174.0,3.651276003674752,2.0,4.0
88,176.0,14.291624038919949,2.0,4.0
89,178.0,15.82265521807956,2.0,4.0
90,180.0,4.323712690882655,2.0,4.0
91,182.0,5.145167371816753,2.0,4.0
92,184.0,5.912219480752259,2.0,4.0
93,186.0,7.149108836512897,2.0,4.0
94,188.0,7.600621069993001,2.0,4.0
95,190.0,7.173476834112879,2.0,4.0
96,192.0,7.451157218593233,2.0,4.0
97,194.0,10.22704175408574,2.0,4.0
98,196.0,9.02025664492216,2.0,4.0
99,198.0,7.459932628563402,2.0,4.0
100,200.0,6.778332060107436,2.0,4.0
101,202.0,6.29679305998869,2.0,4.0
102,204.0,7.481402039021127,2.0,4.0
103,206.0,7.456061815219241,2.0,4.0
104,208.0,7.341721315163933,2.0,4.0
105,210.0,7.338780747971524,2.0,4.0
106,212.0,6.472613518565279,2.0,4.0
107,214.0,6.322999061494321,2.0,4.0
108,216.0,4.5037836572882135,2.0,4.0
109,218.0,5.556595265577076,2.0,4.0
110,220.0,6.9475897058068075,2.0,4.0
111,222.0,7.714227367401196,2.0,4.0
112,224.0,6.8036043491402936,2.0,4.0
113,226.0,4.507346813298961,2.0,4.0
114,228.0,5.613583956369991,2.0,4.0
115,230.0,6.234609617596126,2.0,4.0
116,232.0,3.3637984299998602,2.0,4.0
117,234.0,4.455757950535542,2.0,4.0
118,236.0,6.76008567931525,2.0,4.0
119,238.0,6.322125480299466,2.0,4.0
120,240.0,4.103887675630081,2.0,4.0
121,242.0,4.785781114059927,2.0,4.0
122,244.0,5.374895380162956,2.0,4.0
123,246.0,6.725171989165094,2.0,4.0
124,248.0,5.200189813364611,2.0,4.0
125,250.0,3.1321698105265257,2.0,4.0
126,252.0,1.2231300592059402,2.0,4.0
127,254.0,1.1500435346148534,2.0,4.0
128,256.0,1.2842514071825772,2.0,4.0
129,258.0,1.3134036790885653,2.0,4.0
130,260.0,1.3861493260136533,2.0,4.0
131,262.0,1.2669305426361428,2.0,4.0
132,264.0,1.3774394858595256,2.0,4.0
133,266.0,1.2911558917352903,2.0,4.0
134,268.0,1.8435149633105663,2.0,4.0
135,270.0,2.8587749257880315,2.0,4.0
136,272.0,4.40617231395383,2.0,4.0
137,274.0,6.594149853430042,2.0,4.0
138,276.0,5.967861872957871,2.0,4.0
139,278.0,8.28252014332889,2.0,4.0
140,280.0,8.370294409164025,2.0,4.0
141,282.0,6.814351856704985,2.0,4.0
142,284.0,5.767509714222415,2.0,4.0
143,286.0,5.624615326596573,2.0,4.0
144,288.0,4.336290736102458,2.0,4.0
145,290.0,7.569459066150142,2.0,4.0
146,292.0,6.792993633189208,2.0,4.0
147,294.0,5.500845417420364,2.0,4.0
148,296.0,4.812565683814661,2.0,4.0
149,298.0,6.906665654092706,2.0,4.0
150,300.0,6.676392417358275,2.0,4.0
151,302.0,6.585143326933852,2.0,4.0
152,304.0,5.691597113484859,2.0,4.0
153,306.0,6.443543891948225,2.0,4.0
154,308.0,4.788961523345051,2.0,4.0
155,310.0,4.271819555998337,2.0,4.0
156,312.0,4.224597591756247,2.0,4.0
157,314.0,4.046044323266338,2.0,4.0
158,316.0,5.539548155012568,2.0,4.0
159,318.0,6.630750122191952,2.0,4.0
160,320.0,9.485747048368898,2.0,4.0
161,322.0,8.142204783907252,2.0,4.0
162,324.0,6.231067840077471,2.0,4.0
163,326.0,5.6790063086179225,2.0,4.0
164,328.0,6.525538434632213,2.0,4.0
165,330.0,8.039082775648593,2.0,4.0
166,332.0,7.41494249693451,2.0,4.0
167,334.0,8.031021991295816,2.0,4.0
168,336.0,8.036119498077191,2.0,4.0
169,338.0,8.755832274507464,2.0,4.0
170,340.0,9.812089149741984,2.0,4.0
171,342.0,6.696464157668399,2.0,4.0
172,344.0,2.1145408310863907,2.0,4.0
173,346.0,1.6893023033620467,2.0,4.0
174,348.0,1.558606701895746,2.0,4.0
175,350.0,1.7930242754373933,2.0,4.0
176,352.0,2.9676662411593266,2.0,4.0
177,354.0,2.537351380240051,2.0,4.0
178,356.0,2.477695005387544,2.0,4.0
179,358.0,2.651274103237028,2.0,4.0
0,0.0,1.6763852907213572,2.0,5.0
1,2.0,1.3831749978098147,2.0,5.0
2,4.0,3.134296183151307,2.0,5.0
3,6.0,2.0291116026470677,2.0,5.0
4,8.0,2.0827911753764403,2.0,5.0
5,10.0,6.858509056903143,2.0,5.0
6,12.0,3.9657137160497977,2.0,5.0
7,14.0,2.214452838265338,2.0,5.0
8,16.0,2.6337576311441055,2.0,5.0
9,18.0,3.2296662439322534,2.0,5.0
10,20.0,3.4562241944651864,2.0,5.0
11,22.0,2.4688128470311725,2.0,5.0
12,24.0,1.1962722356723585,2.0,5.0
13,26.0,0.8675123753991362,2.0,5.0
14,28.0,0.7534199499489307,2.0,5.0
15,30.0,0.6609042244217094,2.0,5.0
16,32.0,0.6582869941157302,2.0,5.0
17,34.0,0.6271543152631972,2.0,5.0
18,36.0,0.6326527007879875,2.0,5.0
19,38.0,0.767552025421904,2.0,5.0
20,40.0,0.8134235652155385,2.0,5.0
21,42.0,0.7317218967743014,2.0,5.0
22,44.0,0.647616494799497,2.0,5.0
23,46.0,0.8056183025084828,2.0,5.0
24,48.0,0.5678076468008653,2.0,5.0
25,50.0,0.609040913985285,2.0,5.0
26,52.0,0.7452122674370146,2.0,5.0
27,54.0,0.8115126234272891,2.0,5.0
28,56.0,1.0249894452873998,2.0,5.0
29,58.0,0.9185403088769507,2.0,5.0
30,60.0,0.7570770829593475,2.0,5.0
31,62.0,0.84505764185174,2.0,5.0
32,64.0,0.7810428251058774,2.0,5.0
33,66.0,1.0392084754718118,2.0,5.0
34,68.0,1.5066664942014396,2.0,5.0
35,70.0,1.3943445541025008,2.0,5.0
36,72.0,1.9398962472051628,2.0,5.0
37,74.0,1.2534617639089394,2.0,5.0
38,76.0,1.7863120905918932,2.0,5.0
39,78.0,1.9490337319065278,2.0,5.0
40,80.0,2.2563077978057486,2.0,5.0
41,82.0,2.2187803351328816,2.0,5.0
42,84.0,1.5195564314719545,2.0,5.0
43,86.0,2.0614920708831868,2.0,5.0
44,88.0,1.5488147420648055,2.0,5.0
45,90.0,1.695031039151029,2.0,5.0
46,92.0,2.0385616360044385,2.0,5.0
47,94.0,2.14629368044339,2.0,5.0
48,96.0,1.5259630507294528,2.0,5.0
49,98.0,1.0599895095829086,2.0,5.0
50,100.0,1.0482974380824244,2.0,5.0
51,102.0,1.046529336894062,2.0,5.0
52,104.0,1.082507315658419,2.0,5.0
53,106.0,1.2053605323395287,2.0,5.0
54,108.0,1.2434172706400464,2.0,5.0
55,110.0,1.635239264335963,2.0,5.0
56,112.0,1.6911286746017677,2.0,5.0
57,114.0,1.3752725613877859,2.0,5.0
58,116.0,1.6175805786331778,2.0,5.0
59,118.0,1.5551959188676545,2.0,5.0
60,120.0,1.6160017804065299,2.0,5.0
61,122.0,1.5569658001740685,2.0,5.0
62,124.0,1.480578202468433,2.0,5.0
63,126.0,1.3185280882775283,2.0,5.0
64,128.0,1.200438266867927,2.0,5.0
65,130.0,1.251781592868403,2.0,5.0
66,132.0,1.513570295735231,2.0,5.0
67,134.0,1.620481735634087,2.0,5.0
68,136.0,2.383108351562937,2.0,5.0
69,138.0,2.4407798649048997,2.0,5.0
70,140.0,2.142793131654131,2.0,5.0
71,142.0,1.7934594353271476,2.0,5.0
72,144.0,1.6370819639966652,2.0,5.0
73,146.0,1.4664609271616162,2.0,5.0
74,148.0,1.5488549761478854,2.0,5.0
75,150.0,2.17731181488911,2.0,5.0
76,152.0,2.4614299002565883,2.0,5.0
77,154.0,2.4952084641931016,2.0,5.0
78,156.0,1.7510683016680246,2.0,5.0
79,158.0,1.9345231017365387,2.0,5.0
80,160.0,2.064422661730548,2.0,5.0
81,162.0,2.198405923527417,2.0,5.0
82,164.0,2.0707821740271153,2.0,5.0
83,166.0,1.8536695080024643,2.0,5.0
84,168.0,1.781027406745197,2.0,5.0
85,170.0,1.5434856192998176,2.0,5.0
86,172.0,1.3424535237702173,2.0,5.0
87,174.0,1.172602078499898,2.0,5.0
88,176.0,1.0870471374940527,2.0,5.0
89,178.0,1.4267849217636175,2.0,5.0
90,180.0,1.793987315034891,2.0,5.0
91,182.0,2.4944642638566132,2.0,5.0
92,184.0,3.0109800906866537,2.0,5.0
93,186.0,3.6548878034389913,2.0,5.0
94,188.0,4.881145935605547,2.0,5.0
95,190.0,5.320708099995872,2.0,5.0
96,192.0,5.037851285898251,2.0,5.0
97,194.0,8.182719314554157,2.0,5.0
98,196.0,1.3660917924969922,2.0,5.0
99,198.0,1.3391655518122716,2.0,5.0
100,200.0,6.865982229943068,2.0,5.0
101,202.0,1.7446909540399829,2.0,5.0
102,204.0,2.432559254125558,2.0,5.0
103,206.0,2.676390723720971,2.0,5.0
104,208.0,2.1953308357592958,2.0,5.0
105,210.0,1.748755036124453,2.0,5.0
106,212.0,1.5774017261707478,2.0,5.0
107,214.0,1.8736361658522112,2.0,5.0
108,216.0,2.044990261277675,2.0,5.0
109,218.0,1.610291375137731,2.0,5.0
110,220.0,1.6130788094889559,2.0,5.0
111,222.0,2.0625117626309826,2.0,5.0
112,224.0,2.089139169732909,2.0,5.0
113,226.0,3.1587868955050697,2.0,5.0
114,228.0,3.9184796975910503,2.0,5.0
115,230.0,2.6321478830891736,2.0,5.0
116,232.0,1.9833514240185732,2.0,5.0
117,234.0,2.33970206396295,2.0,5.0
118,236.0,3.2233598710410423,2.0,5.0
119,238.0,3.2263935337118466,2.0,5.0
120,240.0,2.1805575634713823,2.0,5.0
121,242.0,1.5970730978672052,2.0,5.0
122,244.0,1.6902937565464915,2.0,5.0
123,246.0,1.694155238144707,2.0,5.0
124,248.0,1.3444790249063197,2.0,5.0
125,250.0,1.224335843726542,2.0,5.0
126,252.0,1.1557920096505387,2.0,5.0
127,254.0,1.1325920597760135,2.0,5.0
128,256.0,1.2490296584253868,2.0,5.0
129,258.0,1.3465802643025844,2.0,5.0
130,260.0,1.2431946107419722,2.0,5.0
131,262.0,1.2946776738751302,2.0,5.0
132,264.0,1.0164561164313337,2.0,5.0
133,266.0,0.6764769618142364,2.0,5.0
134,268.0,0.8284198132977777,2.0,5.0
135,270.0,1.1319984651107189,2.0,5.0
136,272.0,1.4868752868359878,2.0,5.0
137,274.0,1.2903649216784552,2.0,5.0
138,276.0,1.4675910331862139,2.0,5.0
139,278.0,1.1796476918363321,2.0,5.0
140,280.0,1.1995997160057903,2.0,5.0
141,282.0,1.518932369894091,2.0,5.0
142,284.0,1.3442426320591503,2.0,5.0
143,286.0,1.2039649411307614,2.0,5.0
144,288.0,1.344223831963457,2.0,5.0
145,290.0,1.5774520988158767,2.0,5.0
146,292.0,1.3934326896973592,2.0,5.0
147,294.0,0.8820066429971909,2.0,5.0
148,296.0,0.9466523173591359,2.0,5.0
149,298.0,1.890022216557898,2.0,5.0
150,300.0,3.475975766456327,2.0,5.0
151,302.0,2.0520022017815007,2.0,5.0
152,304.0,1.8387372118351981,2.0,5.0
153,306.0,1.910919094946187,2.0,5.0
154,308.0,1.7828516819706193,2.0,5.0
155,310.0,2.125866941051146,2.0,5.0
156,312.0,1.401594501085695,2.0,5.0
157,314.0,1.5120073093965103,2.0,5.0
158,316.0,1.4349186013103106,2.0,5.0
159,318.0,1.292276896532816,2.0,5.0
160,320.0,0.9534257647326217,2.0,5.0
161,322.0,0.8683411590907625,2.0,5.0
162,324.0,0.7652458227208201,2.0,5.0
163,326.0,0.7575381249971913,2.0,5.0
164,328.0,0.7289755716241383,2.0,5.0
165,330.0,1.0402904201250238,2.0,5.0
166,332.0,0.6743875727961844,2.0,5.0
167,334.0,0.6407122642444466,2.0,5.0
168,336.0,0.6647047209683697,2.0,5.0
169,338.0,0.6994054287447267,2.0,5.0
170,340.0,0.6841331257605782,2.0,5.0
171,342.0,0.5502654136889938,2.0,5.0
172,344.0,0.7274173664178376,2.0,5.0
173,346.0,2.299996398468481,2.0,5.0
174,348.0,2.0808401483818857,2.0,5.0
175,350.0,1.6599297920062708,2.0,5.0
176,352.0,1.850913765728985,2.0,5.0
177,354.0,4.540747906830991,2.0,5.0
178,356.0,4.238609297951706,2.0,5.0
179,358.0,2.741458042735853,2.0,5.0
0,0.0,1.668708341236454,2.0,6.0
1,2.0,1.969679720504529,2.0,6.0
2,4.0,1.7077278165373833,2.0,6.0
3,6.0,2.259599161913113,2.0,6.0
4,8.0,1.9373040839602387,2.0,6.0
5,10.0,2.384966755856257,2.0,6.0
6,12.0,2.850249331053976,2.0,6.0
7,14.0,6.251243695415736,2.0,6.0
8,16.0,5.530030798668333,2.0,6.0
9,18.0,2.5164065800706066,2.0,6.0
10,20.0,2.119835837590082,2.0,6.0
11,22.0,2.5349621395141306,2.0,6.0
12,24.0,2.2527718462250292,2.0,6.0
13,26.0,2.3431601375133027,2.0,6.0
14,28.0,2.0872891927190893,2.0,6.0
15,30.0,1.8752030283232874,2.0,6.0
16,32.0,1.5099270803024607,2.0,6.0
17,34.0,1.395503424828461,2.0,6.0
18,36.0,1.4418133379024118,2.0,6.0
19,38.0,1.6580700478219368,2.0,6.0
20,40.0,1.5324670556779183,2.0,6.0
21,42.0,1.2848537871786931,2.0,6.0
22,44.0,1.4339953774468035,2.0,6.0
23,46.0,1.4862947613107855,2.0,6.0
24,48.0,1.2944202995405976,2.0,6.0
25,50.0,1.272694671611633,2.0,6.0
26,52.0,1.4314885742242298,2.0,6.0
27,54.0,1.6179608302053128,2.0,6.0
28,56.0,1.1033430254338248,2.0,6.0
29,58.0,1.5938301219148503,2.0,6.0
30,60.0,1.988250240596977,2.0,6.0
31,62.0,1.9170719257184703,2.0,6.0
32,64.0,2.775934536746099,2.0,6.0
33,66.0,1.6618584965552272,2.0,6.0
34,68.0,1.6415776756168683,2.0,6.0
35,70.0,1.7501868572178967,2.0,6.0
36,72.0,2.0597418989413963,2.0,6.0
37,74.0,6.139304833413313,2.0,6.0
38,76.0,5.20820103615722,2.0,6.0
39,78.0,3.0312510462705258,2.0,6.0
40,80.0,3.5149406979353106,2.0,6.0
41,82.0,2.53857891464429,2.0,6.0
42,84.0,2.575016309007702,2.0,6.0
43,86.0,2.047335261587678,2.0,6.0
44,88.0,1.7463992611910322,2.0,6.0
45,90.0,1.8119436731883127,2.0,6.0
46,92.0,1.6793776884508234,2.0,6.0
47,94.0,1.9081408429305255,2.0,6.0
48,96.0,1.7335951495163076,2.0,6.0
49,98.0,1.8704010339452322,2.0,6.0
50,100.0,1.9838670179235436,2.0,6.0
51,102.0,2.2305486187379002,2.0,6.0
52,104.0,2.345294008138328,2.0,6.0
53,106.0,2.4836472889991903,2.0,6.0
54,108.0,1.8679410986269733,2.0,6.0
55,110.0,1.6991056653400305,2.0,6.0
56,112.0,2.0772899483862317,2.0,6.0
57,114.0,2.0765323651478336,2.0,6.0
58,116.0,1.6483470206079776,2.0,6.0
59,118.0,1.0825857774565113,2.0,6.0
60,120.0,1.1769358719480847,2.0,6.0
61,122.0,1.5000160329216987,2.0,6.0
62,124.0,1.6765190579152334,2.0,6.0
63,126.0,1.779022609620009,2.0,6.0
64,128.0,1.8374155787685371,2.0,6.0
65,130.0,1.8422144184529705,2.0,6.0
66,132.0,2.484263862982169,2.0,6.0
67,134.0,2.3627600654310403,2.0,6.0
68,136.0,2.841586208326557,2.0,6.0
69,138.0,4.058032961580584,2.0,6.0
70,140.0,3.130385423605859,2.0,6.0
71,142.0,3.041664263032899,2.0,6.0
72,144.0,2.6413047591244783,2.0,6.0
73,146.0,2.1996104017743408,2.0,6.0
74,148.0,1.767723325223223,2.0,6.0
75,150.0,1.4911782803998879,2.0,6.0
76,152.0,1.5491093494680503,2.0,6.0
77,154.0,1.54323927145193,2.0,6.0
78,156.0,1.5224917607630528,2.0,6.0
79,158.0,1.4356977807530864,2.0,6.0
80,160.0,1.5190176277304122,2.0,6.0
81,162.0,1.553971564770246,2.0,6.0
82,164.0,1.558026409023862,2.0,6.0
83,166.0,1.725318428732922,2.0,6.0
84,168.0,1.6887850189852531,2.0,6.0
85,170.0,1.2761223038626313,2.0,6.0
86,172.0,1.115659909832978,2.0,6.0
87,174.0,2.292548218051223,2.0,6.0
88,176.0,15.73354141981331,2.0,6.0
89,178.0,5.756992226084634,2.0,6.0
90,180.0,11.174495086148658,2.0,6.0
91,182.0,0.9162201363045803,2.0,6.0
92,184.0,0.8548363041581365,2.0,6.0
93,186.0,1.1767912725744851,2.0,6.0
94,188.0,1.2049524157300173,2.0,6.0
95,190.0,1.644546293542435,2.0,6.0
96,192.0,2.0738784951458262,2.0,6.0
97,194.0,2.2742771333185905,2.0,6.0
98,196.0,3.1977016165559204,2.0,6.0
99,198.0,2.1857991701687602,2.0,6.0
100,200.0,2.169321885211238,2.0,6.0
101,202.0,1.736799507152205,2.0,6.0
102,204.0,1.643419568461477,2.0,6.0
103,206.0,1.4320592877558012,2.0,6.0
104,208.0,1.1783479068372784,2.0,6.0
105,210.0,1.2419799982018689,2.0,6.0
106,212.0,1.6501120610178226,2.0,6.0
107,214.0,1.5939433344347753,2.0,6.0
108,216.0,1.166777019968145,2.0,6.0
109,218.0,1.214912743992861,2.0,6.0
110,220.0,1.1935759331201319,2.0,6.0
111,222.0,1.3073006318575937,2.0,6.0
112,224.0,1.2430179308236189,2.0,6.0
113,226.0,1.2404073983718915,2.0,6.0
114,228.0,0.9508558206800406,2.0,6.0
115,230.0,0.7704355882823968,2.0,6.0
116,232.0,0.6721874493362122,2.0,6.0
117,234.0,0.7769350767682723,2.0,6.0
118,236.0,0.9616069823959357,2.0,6.0
119,238.0,1.0902352392797316,2.0,6.0
120,240.0,1.1889634722226776,2.0,6.0
121,242.0,1.1642305717663077,2.0,6.0
122,244.0,1.658797039283367,2.0,6.0
123,246.0,1.050163185362708,2.0,6.0
124,248.0,1.0908649144193154,2.0,6.0
125,250.0,1.2649842973076209,2.0,6.0
126,252.0,2.9490260401973423,2.0,6.0
127,254.0,4.0997054654239244,2.0,6.0
128,256.0,3.787394348455231,2.0,6.0
129,258.0,4.609086186363919,2.0,6.0
130,260.0,3.309767620928915,2.0,6.0
131,262.0,2.4175541822926743,2.0,6.0
132,264.0,1.9385928187270716,2.0,6.0
133,266.0,2.3590907341296585,2.0,6.0
134,268.0,2.466201846071156,2.0,6.0
135,270.0,2.440847739909777,2.0,6.0
136,272.0,1.9570909176033817,2.0,6.0
137,274.0,1.8260653326228018,2.0,6.0
138,276.0,1.201160089797149,2.0,6.0
139,278.0,1.218981709662587,2.0,6.0
140,280.0,1.2428748725114507,2.0,6.0
141,282.0,1.2545665854270018,2.0,6.0
142,284.0,1.0222655509053624,2.0,6.0
143,286.0,1.1284722604233912,2.0,6.0
144,288.0,0.8928679415134547,2.0,6.0
145,290.0,0.8107331067439216,2.0,6.0
146,292.0,0.7078431370868489,2.0,6.0
147,294.0,0.7569221443868925,2.0,6.0
148,296.0,0.7826729479352698,2.0,6.0
149,298.0,0.8229856294167519,2.0,6.0
150,300.0,0.9148561475273277,2.0,6.0
151,302.0,1.2263765334958128,2.0,6.0
152,304.0,1.174670054874901,2.0,6.0
153,306.0,1.7272890322235739,2.0,6.0
154,308.0,1.714965526809793,2.0,6.0
155,310.0,1.6900649281338247,2.0,6.0
156,312.0,2.9575037734479976,2.0,6.0
157,314.0,4.914152641208293,2.0,6.0
158,316.0,8.886310829637418,2.0,6.0
159,318.0,4.552611023343766,2.0,6.0
160,320.0,3.2759220528366444,2.0,6.0
161,322.0,2.4440795634438843,2.0,6.0
162,324.0,2.483968636593037,2.0,6.0
163,326.0,2.7803756751548354,2.0,6.0
164,328.0,2.879663795779517,2.0,6.0
165,330.0,2.3367053013891312,2.0,6.0
166,332.0,2.173158334166141,2.0,6.0
167,334.0,2.018212026523395,2.0,6.0
168,336.0,2.1403853960566037,2.0,6.0
169,338.0,1.422989846679616,2.0,6.0
170,340.0,0.9300664153183387,2.0,6.0
171,342.0,0.9802177452426021,2.0,6.0
172,344.0,1.3791215736218974,2.0,6.0
173,346.0,1.160688503964628,2.0,6.0
174,348.0,1.1368966498966306,2.0,6.0
175,350.0,1.077569643841372,2.0,6.0
176,352.0,1.095013059056992,2.0,6.0
177,354.0,1.1017577684095454,2.0,6.0
178,356.0,1.3453263098728616,2.0,6.0
179,358.0,1.4833745075278464,2.0,6.0
0,0.0,9.274010217641674,5.0,3.0
1,2.0,8.79411286772235,5.0,3.0
2,4.0,9.50413438558925,5.0,3.0
3,6.0,10.407671633270274,5.0,3.0
4,8.0,10.373938605884803,5.0,3.0
5,10.0,12.304048375553045,5.0,3.0
6,12.0,14.147159575432447,5.0,3.0
7,14.0,13.303761340312567,5.0,3.0
8,16.0,14.005406188516572,5.0,3.0
9,18.0,13.432798488071855,5.0,3.0
10,20.0,11.642942041564925,5.0,3.0
11,22.0,12.563869612013736,5.0,3.0
12,24.0,13.661336869030118,5.0,3.0
13,26.0,11.523740333126728,5.0,3.0
14,28.0,11.190682313249253,5.0,3.0
15,30.0,10.55992980844099,5.0,3.0
16,32.0,10.695349900848166,5.0,3.0
17,34.0,12.277161587748505,5.0,3.0
18,36.0,12.690501778662735,5.0,3.0
19,38.0,13.069104517517301,5.0,3.0
20,40.0,12.829377773900788,5.0,3.0
21,42.0,15.063720447463181,5.0,3.0
22,44.0,12.513494724128247,5.0,3.0
23,46.0,14.086908172642143,5.0,3.0
24,48.0,12.762603052734892,5.0,3.0
25,50.0,13.346523026141615,5.0,3.0
26,52.0,9.32142078430924,5.0,3.0
27,54.0,11.309075389721928,5.0,3.0
28,56.0,15.686607804813686,5.0,3.0
29,58.0,24.803223689194834,5.0,3.0
30,60.0,7.916822191002991,5.0,3.0
31,62.0,12.511495188383165,5.0,3.0
32,64.0,11.17273988334566,5.0,3.0
33,66.0,14.637074345816938,5.0,3.0
34,68.0,13.260112149307753,5.0,3.0
35,70.0,10.849545773472359,5.0,3.0
36,72.0,15.247794788378119,5.0,3.0
37,74.0,19.540635075438708,5.0,3.0
38,76.0,24.48704436075718,5.0,3.0
39,78.0,17.19784030608845,5.0,3.0
40,80.0,4.290711743983147,5.0,3.0
41,82.0,4.160642197656164,5.0,3.0
42,84.0,6.409556588892956,5.0,3.0
43,86.0,10.13717031281693,5.0,3.0
44,88.0,12.47127665892497,5.0,3.0
45,90.0,5.241786011188317,5.0,3.0
46,92.0,5.490376474852099,5.0,3.0
47,94.0,6.991600401115302,5.0,3.0
48,96.0,10.491437642611602,5.0,3.0
49,98.0,12.783340348022097,5.0,3.0
50,100.0,12.717949013370728,5.0,3.0
51,102.0,12.962770079192916,5.0,3.0
52,104.0,13.157465206319078,5.0,3.0
53,106.0,11.35129489566824,5.0,3.0
54,108.0,9.97803872992062,5.0,3.0
55,110.0,6.9840548990401246,5.0,3.0
56,112.0,5.9083357028552825,5.0,3.0
57,114.0,5.053882094196359,5.0,3.0
58,116.0,6.421704494412027,5.0,3.0
59,118.0,7.444971257134609,5.0,3.0
60,120.0,8.254528410209117,5.0,3.0
61,122.0,9.785070048366627,5.0,3.0
62,124.0,9.920489950809179,5.0,3.0
63,126.0,9.661409802146403,5.0,3.0
64,128.0,6.667043262960093,5.0,3.0
65,130.0,6.200509193801572,5.0,3.0
66,132.0,7.366090341561155,5.0,3.0
67,134.0,8.216272413946177,5.0,3.0
68,136.0,7.41578996119352,5.0,3.0
69,138.0,8.347536329840118,5.0,3.0
70,140.0,8.918986279603164,5.0,3.0
71,142.0,8.365310825669155,5.0,3.0
72,144.0,9.835754069013115,5.0,3.0
73,146.0,12.744946206914314,5.0,3.0
74,148.0,16.173264682752954,5.0,3.0
75,150.0,19.49767012904969,5.0,3.0
76,152.0,19.378214295419266,5.0,3.0
77,154.0,19.030128594181978,5.0,3.0
78,156.0,16.47479718064526,5.0,3.0
79,158.0,13.530468470714723,5.0,3.0
80,160.0,9.42757483093434,5.0,3.0
81,162.0,11.956481083539291,5.0,3.0
82,164.0,14.576200532433573,5.0,3.0
83,166.0,13.738581141611586,5.0,3.0
84,168.0,10.972408443562147,5.0,3.0
85,170.0,15.206241424378193,5.0,3.0
86,172.0,16.880815812177307,5.0,3.0
87,174.0,23.93701558324088,5.0,3.0
88,176.0,52.400145606459375,5.0,3.0
89,178.0,26.589737810379166,5.0,3.0
90,180.0,18.260154005248733,5.0,3.0
91,182.0,16.55761990937935,5.0,3.0
92,184.0,24.554337642691415,5.0,3.0
93,186.0,15.76408657646564,5.0,3.0
94,188.0,15.713395815276172,5.0,3.0
95,190.0,17.802272364235506,5.0,3.0
96,192.0,14.723413665747094,5.0,3.0
97,194.0,30.435523100270412,5.0,3.0
98,196.0,20.75984087080137,5.0,3.0
99,198.0,17.825027122379957,5.0,3.0
100,200.0,14.217399613350867,5.0,3.0
101,202.0,10.298682003195559,5.0,3.0
102,204.0,10.037794441336878,5.0,3.0
103,206.0,11.286147552449481,5.0,3.0
104,208.0,11.818840955536281,5.0,3.0
105,210.0,10.628187506682725,5.0,3.0
106,212.0,10.996755698731397,5.0,3.0
107,214.0,7.31021872393813,5.0,3.0
108,216.0,10.060338095409536,5.0,3.0
109,218.0,12.865557729896626,5.0,3.0
110,220.0,15.91343721747989,5.0,3.0
111,222.0,15.474181673088003,5.0,3.0
112,224.0,12.715132683050454,5.0,3.0
113,226.0,11.612493564105867,5.0,3.0
114,228.0,10.666639081143693,5.0,3.0
115,230.0,11.73087868874428,5.0,3.0
116,232.0,10.694973164689006,5.0,3.0
117,234.0,10.267730317952735,5.0,3.0
118,236.0,9.298201477251753,5.0,3.0
119,238.0,8.48841515425509,5.0,3.0
120,240.0,9.509582325364548,5.0,3.0
121,242.0,8.263564421778197,5.0,3.0
122,244.0,8.240423194455074,5.0,3.0
123,246.0,7.559411191937611,5.0,3.0
124,248.0,8.016595982900789,5.0,3.0
125,250.0,7.880151616115748,5.0,3.0
126,252.0,8.83531513465249,5.0,3.0
127,254.0,10.395809683759351,5.0,3.0
128,256.0,9.356455648418581,5.0,3.0
129,258.0,10.40250209093831,5.0,3.0
130,260.0,8.566513125244008,5.0,3.0
131,262.0,8.726825741762905,5.0,3.0
132,264.0,11.38951011997073,5.0,3.0
133,266.0,14.623399359409866,5.0,3.0
134,268.0,12.758846132795151,5.0,3.0
135,270.0,9.759375781709114,5.0,3.0
136,272.0,11.521718078998534,5.0,3.0
137,274.0,11.08291395888435,5.0,3.0
138,276.0,10.592049624652159,5.0,3.0
139,278.0,7.65740762133742,5.0,3.0
140,280.0,4.734036574209864,5.0,3.0
141,282.0,3.3442553804824207,5.0,3.0
142,284.0,8.279269331868909,5.0,3.0
143,286.0,10.05129922796763,5.0,3.0
144,288.0,6.783599544684028,5.0,3.0
145,290.0,5.647723359200336,5.0,3.0
146,292.0,7.3091792545238095,5.0,3.0
147,294.0,9.565912739600712,5.0,3.0
148,296.0,13.805071970233435,5.0,3.0
149,298.0,15.25336300618384,5.0,3.0
150,300.0,14.327019231793358,5.0,3.0
151,302.0,12.46524555919916,5.0,3.0
152,304.0,14.495612197633642,5.0,3.0
153,306.0,17.10307126059977,5.0,3.0
154,308.0,18.906028560618832,5.0,3.0
155,310.0,22.391059604046564,5.0,3.0
156,312.0,25.870680181425104,5.0,3.0
157,314.0,31.085247918653035,5.0,3.0
158,316.0,24.6216116762988,5.0,3.0
159,318.0,10.289043735427551,5.0,3.0
160,320.0,12.47063451869014,5.0,3.0
161,322.0,7.476915057236457,5.0,3.0
162,324.0,7.8074820745735,5.0,3.0
163,326.0,9.633479071153664,5.0,3.0
164,328.0,8.239879306491444,5.0,3.0
165,330.0,6.703819520083701,5.0,3.0
166,332.0,6.443410959391511,5.0,3.0
167,334.0,4.833592882212314,5.0,3.0
168,336.0,7.759549377921854,5.0,3.0
169,338.0,7.821277998017597,5.0,3.0
170,340.0,8.812196395727199,5.0,3.0
171,342.0,9.264959919863232,5.0,3.0
172,344.0,10.80412875715476,5.0,3.0
173,346.0,10.152717172330238,5.0,3.0
174,348.0,8.068973186098205,5.0,3.0
175,350.0,7.198834970085836,5.0,3.0
176,352.0,8.04181145329748,5.0,3.0
177,354.0,8.373815747341574,5.0,3.0
178,356.0,7.915776106977358,5.0,3.0
179,358.0,7.148143133141613,5.0,3.0
0,0.0,4.879000558287592,5.0,4.0
1,2.0,6.039636494033415,5.0,4.0
2,4.0,8.481950449307954,5.0,4.0
3,6.0,8.275843289771315,5.0,4.0
4,8.0,7.265300895197672,5.0,4.0
5,10.0,8.918468591818328,5.0,4.0
6,12.0,5.139525018710864,5.0,4.0
7,14.0,4.2591840726228645,5.0,4.0
8,16.0,4.318432028309825,5.0,4.0
9,18.0,4.3563058914969695,5.0,4.0
10,20.0,5.837696113811474,5.0,4.0
11,22.0,9.08043932427004,5.0,4.0
12,24.0,8.800595284203768,5.0,4.0
13,26.0,6.220301604987856,5.0,4.0
14,28.0,5.89922719736591,5.0,4.0
15,30.0,5.72338122696557,5.0,4.0
16,32.0,5.056302243662691,5.0,4.0
17,34.0,4.111848954798826,5.0,4.0
18,36.0,3.9834661055446867,5.0,4.0
19,38.0,3.9433263164282333,5.0,4.0
20,40.0,3.73756811845998,5.0,4.0
21,42.0,6.028249224260308,5.0,4.0
22,44.0,6.231904259707156,5.0,4.0
23,46.0,3.2660795186565537,5.0,4.0
24,48.0,1.9591978089811832,5.0,4.0
25,50.0,2.400869605362712,5.0,4.0
26,52.0,2.9095804512309926,5.0,4.0
27,54.0,2.975838270083782,5.0,4.0
28,56.0,2.09184332913712,5.0,4.0
29,58.0,1.8196616119268307,5.0,4.0
30,60.0,3.070445280006545,5.0,4.0
31,62.0,3.4417036615881176,5.0,4.0
32,64.0,2.297129797955898,5.0,4.0
33,66.0,1.4964501021466075,5.0,4.0
34,68.0,1.423592030307785,5.0,4.0
35,70.0,1.0819586465623954,5.0,4.0
36,72.0,1.0022028605958786,5.0,4.0
37,74.0,0.8685567753562551,5.0,4.0
38,76.0,0.8030882809116013,5.0,4.0
39,78.0,0.7920769572902185,5.0,4.0
40,80.0,0.6487634777946449,5.0,4.0
41,82.0,0.6118719441533245,5.0,4.0
42,84.0,0.761297414158814,5.0,4.0
43,86.0,0.7770966448930892,5.0,4.0
44,88.0,0.7749333873791617,5.0,4.0
45,90.0,1.5293244899096619,5.0,4.0
46,92.0,5.112734043519354,5.0,4.0
47,94.0,7.708386539670196,5.0,4.0
48,96.0,10.673631145797055,5.0,4.0
49,98.0,10.077434524208694,5.0,4.0
50,100.0,8.2103879797262,5.0,4.0
51,102.0,7.765995245153895,5.0,4.0
52,104.0,7.504885988161346,5.0,4.0
53,106.0,5.608250381175428,5.0,4.0
54,108.0,11.254633751175726,5.0,4.0
55,110.0,9.892355718598969,5.0,4.0
56,112.0,9.002672335710576,5.0,4.0
57,114.0,8.231266075094268,5.0,4.0
58,116.0,8.378949176649098,5.0,4.0
59,118.0,6.419553467205591,5.0,4.0
60,120.0,5.401125295868396,5.0,4.0
61,122.0,5.7036250723443915,5.0,4.0
62,124.0,4.07822804656939,5.0,4.0
63,126.0,4.209300623251464,5.0,4.0
64,128.0,4.3832266349466265,5.0,4.0
65,130.0,5.85393459080963,5.0,4.0
66,132.0,5.108173607319032,5.0,4.0
67,134.0,5.2130899404236,5.0,4.0
68,136.0,4.3518115982082435,5.0,4.0
69,138.0,5.428807070734767,5.0,4.0
70,140.0,7.572231106962547,5.0,4.0
71,142.0,5.590334188803186,5.0,4.0
72,144.0,5.509668023997675,5.0,4.0
73,146.0,3.31082513911811,5.0,4.0
74,148.0,3.6316203926398045,5.0,4.0
75,150.0,3.731866310691795,5.0,4.0
76,152.0,2.9791913913742345,5.0,4.0
77,154.0,2.0911144433654076,5.0,4.0
78,156.0,2.5604158447746492,5.0,4.0
79,158.0,2.3175543986451625,5.0,4.0
80,160.0,1.8923591828578907,5.0,4.0
81,162.0,2.1448461755280612,5.0,4.0
82,164.0,2.727343012853721,5.0,4.0
83,166.0,3.117523050417513,5.0,4.0
84,168.0,3.325241047370909,5.0,4.0
85,170.0,8.296697669441922,5.0,4.0
86,172.0,6.906361753363318,5.0,4.0
87,174.0,9.246071095746593,5.0,4.0
88,176.0,11.979641691524204,5.0,4.0
89,178.0,16.97490159969236,5.0,4.0
90,180.0,13.93189705290746,5.0,4.0
91,182.0,6.375334634688718,5.0,4.0
92,184.0,8.531784669824129,5.0,4.0
93,186.0,9.19003272759273,5.0,4.0
94,188.0,8.050298560982784,5.0,4.0
95,190.0,6.530569347069164,5.0,4.0
96,192.0,7.134471519140407,5.0,4.0
97,194.0,8.186635608420469,5.0,4.0
98,196.0,5.046802001211211,5.0,4.0
99,198.0,4.176253342056168,5.0,4.0
100,200.0,4.600872303320901,5.0,4.0
101,202.0,5.327768825125844,5.0,4.0
102,204.0,6.812916168016926,5.0,4.0
103,206.0,6.466205213104799,5.0,4.0
104,208.0,6.1141892844152945,5.0,4.0
105,210.0,6.163644080185728,5.0,4.0
106,212.0,6.010932414071477,5.0,4.0
107,214.0,4.670676264610086,5.0,4.0
108,216.0,3.966026403177213,5.0,4.0
109,218.0,4.723298697211912,5.0,4.0
110,220.0,5.634583646180744,5.0,4.0
111,222.0,6.933521974984661,5.0,4.0
112,224.0,5.225196911765213,5.0,4.0
113,226.0,3.7797815220591673,5.0,4.0
114,228.0,3.633976824978939,5.0,4.0
115,230.0,3.647404413396578,5.0,4.0
116,232.0,2.395289285315527,5.0,4.0
117,234.0,3.0921694394448433,5.0,4.0
118,236.0,6.0210012569647695,5.0,4.0
119,238.0,6.2652215863051035,5.0,4.0
120,240.0,3.291543771223255,5.0,4.0
121,242.0,1.2468484033629967,5.0,4.0
122,244.0,1.7705512455207546,5.0,4.0
123,246.0,1.9728834760966063,5.0,4.0
124,248.0,1.5055416815734441,5.0,4.0
125,250.0,1.7699525794400062,5.0,4.0
126,252.0,2.039648011742877,5.0,4.0
127,254.0,1.4695893245562122,5.0,4.0
128,256.0,1.8302558073578625,5.0,4.0
129,258.0,1.2212303957675583,5.0,4.0
130,260.0,1.7390571920314073,5.0,4.0
131,262.0,1.3934727402191052,5.0,4.0
132,264.0,1.6341627326076653,5.0,4.0
133,266.0,1.6696715371401996,5.0,4.0
134,268.0,1.3892118291582318,5.0,4.0
135,270.0,2.5268592534484293,5.0,4.0
136,272.0,3.973688577690026,5.0,4.0
137,274.0,7.608684791327089,5.0,4.0
138,276.0,6.7159385040204995,5.0,4.0
139,278.0,5.810632369679378,5.0,4.0
140,280.0,5.354797890039646,5.0,4.0
141,282.0,5.403449754384479,5.0,4.0
142,284.0,5.1897323668585,5.0,4.0
143,286.0,5.052011591396846,5.0,4.0
144,288.0,4.928441021291559,5.0,4.0
145,290.0,6.770015100972102,5.0,4.0
146,292.0,5.9462393040457435,5.0,4.0
147,294.0,4.93738990099117,5.0,4.0
148,296.0,4.49268127016973,5.0,4.0
149,298.0,6.821612433170077,5.0,4.0
150,300.0,6.1247115152656875,5.0,4.0
151,302.0,6.14536257514574,5.0,4.0
152,304.0,4.537753808030955,5.0,4.0
153,306.0,3.704552298823558,5.0,4.0
154,308.0,2.9291931516024845,5.0,4.0
155,310.0,3.772420695492536,5.0,4.0
156,312.0,4.520741292374596,5.0,4.0
157,314.0,5.229825508984577,5.0,4.0
158,316.0,5.69388138487541,5.0,4.0
159,318.0,6.575900561269719,5.0,4.0
160,320.0,8.142205774284658,5.0,4.0
161,322.0,7.603381166512073,5.0,4.0
162,324.0,5.381601908758044,5.0,4.0
163,326.0,5.802993981300352,5.0,4.0
164,328.0,5.979832035610405,5.0,4.0
165,330.0,6.362660689344097,5.0,4.0
166,332.0,5.470339453247298,5.0,4.0
167,334.0,4.871894602322883,5.0,4.0
168,336.0,4.142143582246805,5.0,4.0
169,338.0,6.44843073862013,5.0,4.0
170,340.0,6.622815645112422,5.0,4.0
171,342.0,3.387502669816277,5.0,4.0
172,344.0,2.282432447489476,5.0,4.0
173,346.0,1.8648183916337269,5.0,4.0
174,348.0,1.7633723068917249,5.0,4.0
175,350.0,1.8605255152875364,5.0,4.0
176,352.0,1.8159151251010284,5.0,4.0
177,354.0,2.2835385283236684,5.0,4.0
178,356.0,2.1046812993402226,5.0,4.0
179,358.0,1.4765675068500663,5.0,4.0
0,0.0,2.8597701497790293,5.0,5.0
1,2.0,1.9400471180797936,5.0,5.0
2,4.0,1.880362882058574,5.0,5.0
3,6.0,1.9318278247799037,5.0,5.0
4,8.0,2.223837214294876,5.0,5.0
5,10.0,6.5806136513975915,5.0,5.0
6,12.0,4.434104422190192,5.0,5.0
7,14.0,2.8171857478513243,5.0,5.0
8,16.0,2.5629919632115223,5.0,5.0
9,18.0,2.0653886852669396,5.0,5.0
10,20.0,2.4251795084685246,5.0,5.0
11,22.0,2.626824337066921,5.0,5.0
12,24.0,2.8560355765021637,5.0,5.0
13,26.0,2.688525189775644,5.0,5.0
14,28.0,2.712307926074708,5.0,5.0
15,30.0,2.266236641030957,5.0,5.0
16,32.0,0.780008745137708,5.0,5.0
17,34.0,0.7870569966347098,5.0,5.0
18,36.0,0.6597581592332286,5.0,5.0
19,38.0,0.5773613120038321,5.0,5.0
20,40.0,0.5746574279416251,5.0,5.0
21,42.0,0.49905979924322336,5.0,5.0
22,44.0,0.40816333441018116,5.0,5.0
23,46.0,0.5676499377329302,5.0,5.0
24,48.0,0.42405060414842205,5.0,5.0
25,50.0,0.4496532267427565,5.0,5.0
26,52.0,0.5252342516781732,5.0,5.0
27,54.0,0.5762972453707705,5.0,5.0
28,56.0,0.6451878225377263,5.0,5.0
29,58.0,0.6033918907727825,5.0,5.0
30,60.0,0.6005841216677356,5.0,5.0
31,62.0,0.5895080734662319,5.0,5.0
32,64.0,0.5739829552988231,5.0,5.0
33,66.0,0.7489529357954156,5.0,5.0
34,68.0,1.1747008761035325,5.0,5.0
35,70.0,0.9023102596919093,5.0,5.0
36,72.0,1.1084919379264278,5.0,5.0
37,74.0,0.8182456702318319,5.0,5.0
38,76.0,0.9203464371435196,5.0,5.0
39,78.0,1.9149858066534864,5.0,5.0
40,80.0,2.0309253649840557,5.0,5.0
41,82.0,2.403596639497336,5.0,5.0
42,84.0,1.445277889460311,5.0,5.0
43,86.0,1.4875856521228785,5.0,5.0
44,88.0,1.397804245553923,5.0,5.0
45,90.0,1.2201668200543458,5.0,5.0
46,92.0,1.5333518853405534,5.0,5.0
47,94.0,1.9490922879720551,5.0,5.0
48,96.0,1.720181127561905,5.0,5.0
49,98.0,1.3349802680209804,5.0,5.0
50,100.0,1.2899093181787384,5.0,5.0
51,102.0,0.9411651909743067,5.0,5.0
52,104.0,0.8902352109469283,5.0,5.0
53,106.0,0.9667257310656204,5.0,5.0
54,108.0,0.9100707633155605,5.0,5.0
55,110.0,0.8627366559050441,5.0,5.0
56,112.0,0.7595121478512946,5.0,5.0
57,114.0,0.6036772923616873,5.0,5.0
58,116.0,0.568771273367746,5.0,5.0
59,118.0,0.6429428161971709,5.0,5.0
60,120.0,0.8159735693846107,5.0,5.0
61,122.0,1.0859116441577497,5.0,5.0
62,124.0,0.9026794655674953,5.0,5.0
63,126.0,0.8494900034673867,5.0,5.0
64,128.0,0.8877656877506164,5.0,5.0
65,130.0,0.9920947270393928,5.0,5.0
66,132.0,1.7646804332593007,5.0,5.0
67,134.0,1.6834321570440351,5.0,5.0
68,136.0,1.7089249587342548,5.0,5.0
69,138.0,1.5418109679059093,5.0,5.0
70,140.0,1.425875704056778,5.0,5.0
71,142.0,0.9924568124427664,5.0,5.0
72,144.0,1.863519404913034,5.0,5.0
73,146.0,1.7047440974904524,5.0,5.0
74,148.0,0.9076997229093453,5.0,5.0
75,150.0,1.1010066610442528,5.0,5.0
76,152.0,1.487345750266022,5.0,5.0
77,154.0,2.0633031851878467,5.0,5.0
78,156.0,1.5565689491078163,5.0,5.0
79,158.0,1.5420547288196504,5.0,5.0
80,160.0,1.4182719532745798,5.0,5.0
81,162.0,1.2159812843998292,5.0,5.0
82,164.0,1.3067137307776888,5.0,5.0
83,166.0,1.4658830760823574,5.0,5.0
84,168.0,1.1073567732929814,5.0,5.0
85,170.0,0.9194069488920517,5.0,5.0
86,172.0,0.9981023992163433,5.0,5.0
87,174.0,0.7104599106239279,5.0,5.0
88,176.0,0.7107810661187005,5.0,5.0
89,178.0,0.7627608803724596,5.0,5.0
90,180.0,0.7262374683141918,5.0,5.0
91,182.0,0.6086462677894748,5.0,5.0
92,184.0,0.7093198410608775,5.0,5.0
93,186.0,0.7706372581553792,5.0,5.0
94,188.0,0.9609862206532207,5.0,5.0
95,190.0,1.0383614893260462,5.0,5.0
96,192.0,0.9082189624277882,5.0,5.0
97,194.0,0.9920032195799863,5.0,5.0
98,196.0,0.7422029671972048,5.0,5.0
99,198.0,0.7128945657045258,5.0,5.0
100,200.0,0.686660278678011,5.0,5.0
101,202.0,5.7294108806122575,5.0,5.0
102,204.0,4.3748337241077255,5.0,5.0
103,206.0,7.578447014531788,5.0,5.0
104,208.0,6.295766226424343,5.0,5.0
105,210.0,2.234591941316155,5.0,5.0
106,212.0,1.8624216270275538,5.0,5.0
107,214.0,1.8251149459507423,5.0,5.0
108,216.0,2.1033012425429463,5.0,5.0
109,218.0,2.0492356336581894,5.0,5.0
110,220.0,2.188507937816222,5.0,5.0
111,222.0,2.854883493810305,5.0,5.0
112,224.0,3.0384710556808154,5.0,5.0
113,226.0,5.026183333503281,5.0,5.0
114,228.0,4.800431938131499,5.0,5.0
115,230.0,2.9855062000826926,5.0,5.0
116,232.0,1.7980470428737596,5.0,5.0
117,234.0,1.4601900792582125,5.0,5.0
118,236.0,2.136835917499672,5.0,5.0
119,238.0,1.9141891504641706,5.0,5.0
120,240.0,1.4203133858269228,5.0,5.0
121,242.0,1.2109505683308115,5.0,5.0
122,244.0,1.2870924243678454,5.0,5.0
123,246.0,1.6368772717649813,5.0,5.0
124,248.0,1.0204778171920028,5.0,5.0
125,250.0,0.777420583689949,5.0,5.0
126,252.0,0.7901031862993417,5.0,5.0
127,254.0,0.7175877167492879,5.0,5.0
128,256.0,0.9565651758072522,5.0,5.0
129,258.0,0.9092626494839112,5.0,5.0
130,260.0,0.6596571428698377,5.0,5.0
131,262.0,0.5439549848393461,5.0,5.0
132,264.0,0.6084766571169112,5.0,5.0
133,266.0,0.7113708785667413,5.0,5.0
134,268.0,0.650321059746186,5.0,5.0
135,270.0,0.7448754323892277,5.0,5.0
136,272.0,0.870391001313521,5.0,5.0
137,274.0,1.1101982088273321,5.0,5.0
138,276.0,1.1075596726000132,5.0,5.0
139,278.0,1.1523081521360643,5.0,5.0
140,280.0,0.6799630903666123,5.0,5.0
141,282.0,0.8436879669420062,5.0,5.0
142,284.0,0.8164940981012602,5.0,5.0
143,286.0,1.004124705073591,5.0,5.0
144,288.0,0.7687341540092004,5.0,5.0
145,290.0,1.2398303156889168,5.0,5.0
146,292.0,1.2248336962151447,5.0,5.0
147,294.0,0.8134866121304484,5.0,5.0
148,296.0,0.8901935980194102,5.0,5.0
149,298.0,2.360689169150176,5.0,5.0
150,300.0,4.047541961770176,5.0,5.0
151,302.0,2.4316725589674997,5.0,5.0
152,304.0,1.537114435917507,5.0,5.0
153,306.0,1.6583545454779882,5.0,5.0
154,308.0,1.395243739968999,5.0,5.0
155,310.0,1.936045704581792,5.0,5.0
156,312.0,1.3519225138373836,5.0,5.0
157,314.0,0.8245446883966976,5.0,5.0
158,316.0,0.6448542787873452,5.0,5.0
159,318.0,0.6689982974089503,5.0,5.0
160,320.0,0.5992564652279999,5.0,5.0
161,322.0,0.5711150442436989,5.0,5.0
162,324.0,0.4517363319867724,5.0,5.0
163,326.0,0.5147858423661064,5.0,5.0
164,328.0,0.564173283933595,5.0,5.0
165,330.0,0.5136210389805255,5.0,5.0
166,332.0,0.49447637732191113,5.0,5.0
167,334.0,0.486988475085771,5.0,5.0
168,336.0,0.364218881264446,5.0,5.0
169,338.0,0.3931507600413922,5.0,5.0
170,340.0,0.40567608046967335,5.0,5.0
171,342.0,0.35837186367451024,5.0,5.0
172,344.0,0.5506840872096417,5.0,5.0
173,346.0,2.5577896797274673,5.0,5.0
174,348.0,2.9261177394003743,5.0,5.0
175,350.0,2.6916447559490932,5.0,5.0
176,352.0,2.79832626606727,5.0,5.0
177,354.0,4.75243560119226,5.0,5.0
178,356.0,7.340058471459543,5.0,5.0
179,358.0,5.003113806090965,5.0,5.0
0,0.0,1.3699914605978825,5.0,6.0
1,2.0,0.9614667132555498,5.0,6.0
2,4.0,1.013372676088905,5.0,6.0
3,6.0,1.9301608482774648,5.0,6.0
4,8.0,1.2254970548595074,5.0,6.0
5,10.0,1.6225258191536,5.0,6.0
6,12.0,2.130393336762582,5.0,6.0
7,14.0,4.315884884816071,5.0,6.0
8,16.0,4.141410915325061,5.0,6.0
9,18.0,2.016688078451044,5.0,6.0
10,20.0,1.8053330121679172,5.0,6.0
11,22.0,2.0053309743684964,5.0,6.0
12,24.0,1.9046781253851404,5.0,6.0
13,26.0,2.105761206676073,5.0,6.0
14,28.0,1.7794483758652289,5.0,6.0
15,30.0,1.7175787112959044,5.0,6.0
16,32.0,1.3004378114588226,5.0,6.0
17,34.0,1.0435986862825444,5.0,6.0
18,36.0,0.7466888625549061,5.0,6.0
19,38.0,0.5781983602243518,5.0,6.0
20,40.0,0.6886965160177162,5.0,6.0
21,42.0,1.2145409458470424,5.0,6.0
22,44.0,0.9090805224896938,5.0,6.0
23,46.0,0.7466691937445314,5.0,6.0
24,48.0,0.6956545257747436,5.0,6.0
25,50.0,0.5272082339780279,5.0,6.0
26,52.0,0.4830076700827594,5.0,6.0
27,54.0,0.6794826591292604,5.0,6.0
28,56.0,0.7623449730784253,5.0,6.0
29,58.0,0.8844772718303732,5.0,6.0
30,60.0,0.9251058922496495,5.0,6.0
31,62.0,0.9865012503403165,5.0,6.0
32,64.0,1.337330378166258,5.0,6.0
33,66.0,1.8039863662014648,5.0,6.0
34,68.0,1.225682116700634,5.0,6.0
35,70.0,1.516217779510362,5.0,6.0
36,72.0,1.2628560060933751,5.0,6.0
37,74.0,5.129606053646744,5.0,6.0
38,76.0,4.109839032897333,5.0,6.0
39,78.0,2.494303289104476,5.0,6.0
40,80.0,3.430332826690907,5.0,6.0
41,82.0,2.2924563989644438,5.0,6.0
42,84.0,2.202383164025456,5.0,6.0
43,86.0,1.5459071774926825,5.0,6.0
44,88.0,1.4018266079891666,5.0,6.0
45,90.0,1.5031795631018305,5.0,6.0
46,92.0,1.242891030177703,5.0,6.0
47,94.0,1.1489944943979673,5.0,6.0
48,96.0,1.229466472656513,5.0,6.0
49,98.0,1.1771229508294505,5.0,6.0
50,100.0,1.0643466708157947,5.0,6.0
51,102.0,0.8645921109440237,5.0,6.0
52,104.0,1.01067925342191,5.0,6.0
53,106.0,0.9299401848847418,5.0,6.0
54,108.0,0.9493446754771184,5.0,6.0
55,110.0,0.9917710315680207,5.0,6.0
56,112.0,1.1477495259358725,5.0,6.0
57,114.0,1.4939736036196092,5.0,6.0
58,116.0,1.4100027713124899,5.0,6.0
59,118.0,1.3069271144250962,5.0,6.0
60,120.0,0.8720436424228317,5.0,6.0
61,122.0,1.074025526982945,5.0,6.0
62,124.0,1.0215841541582849,5.0,6.0
63,126.0,1.2467022287770209,5.0,6.0
64,128.0,1.3981862281521216,5.0,6.0
65,130.0,1.4568269794882582,5.0,6.0
66,132.0,1.7650133025285042,5.0,6.0
67,134.0,1.8044030290851745,5.0,6.0
68,136.0,1.9746949703305439,5.0,6.0
69,138.0,2.61055604149057,5.0,6.0
70,140.0,2.2366276706605475,5.0,6.0
71,142.0,2.3266311053350823,5.0,6.0
72,144.0,2.2265786780045347,5.0,6.0
73,146.0,2.1038504068276875,5.0,6.0
74,148.0,1.5003674888431768,5.0,6.0
75,150.0,1.370369830257209,5.0,6.0
76,152.0,1.4290982385336082,5.0,6.0
77,154.0,1.3008601049797341,5.0,6.0
78,156.0,1.0953392091275975,5.0,6.0
79,158.0,1.0075055121089627,5.0,6.0
80,160.0,0.9295014647588792,5.0,6.0
81,162.0,0.8591956980091066,5.0,6.0
82,164.0,0.8852344537951576,5.0,6.0
83,166.0,1.043418313793168,5.0,6.0
84,168.0,1.3545409778462831,5.0,6.0
85,170.0,1.0155987910867104,5.0,6.0
86,172.0,1.1708943177639801,5.0,6.0
87,174.0,1.7316871575160033,5.0,6.0
88,176.0,11.237914400045142,5.0,6.0
89,178.0,3.878537344697492,5.0,6.0
90,180.0,5.250103222186867,5.0,6.0
91,182.0,1.2130167859321046,5.0,6.0
92,184.0,1.2269593023112713,5.0,6.0
93,186.0,0.812503577154152,5.0,6.0
94,188.0,0.8052557731428129,5.0,6.0
95,190.0,1.2304658531292645,5.0,6.0
96,192.0,1.6176226782116725,5.0,6.0
97,194.0,1.9963701060860684,5.0,6.0
98,196.0,2.806725793651932,5.0,6.0
99,198.0,1.8315714042448437,5.0,6.0
100,200.0,1.4639746187754192,5.0,6.0
101,202.0,1.1977040311525962,5.0,6.0
102,204.0,1.0728206645378808,5.0,6.0
103,206.0,1.1959514216870444,5.0,6.0
104,208.0,1.319154391011205,5.0,6.0
105,210.0,1.2068196357698415,5.0,6.0
106,212.0,1.7487859939568644,5.0,6.0
107,214.0,1.7052547736592214,5.0,6.0
108,216.0,1.134876638525071,5.0,6.0
109,218.0,1.0673811701847737,5.0,6.0
110,220.0,0.9711173719472056,5.0,6.0
111,222.0,1.5024401780487096,5.0,6.0
112,224.0,1.1149412800171903,5.0,6.0
113,226.0,1.1080904466004111,5.0,6.0
114,228.0,0.8847216602677461,5.0,6.0
115,230.0,0.6300609257432708,5.0,6.0
116,232.0,0.873383324264377,5.0,6.0
117,234.0,0.8054176315506684,5.0,6.0
118,236.0,1.0292336074437707,5.0,6.0
119,238.0,1.3725919810772573,5.0,6.0
120,240.0,1.3558932101604262,5.0,6.0
121,242.0,1.1833789046515995,5.0,6.0
122,244.0,1.5261465181483007,5.0,6.0
123,246.0,0.891315507817002,5.0,6.0
124,248.0,0.8220081610446299,5.0,6.0
125,250.0,0.6881196168960764,5.0,6.0
126,252.0,2.2262444085465596,5.0,6.0
127,254.0,3.1438298655152783,5.0,6.0
128,256.0,3.1380733137808936,5.0,6.0
129,258.0,4.353546833380091,5.0,6.0
130,260.0,3.0168143699737753,5.0,6.0
131,262.0,2.0451136486450325,5.0,6.0
132,264.0,1.5022001481258018,5.0,6.0
133,266.0,2.0352937490715233,5.0,6.0
134,268.0,2.2844915104676193,5.0,6.0
135,270.0,2.204796453420561,5.0,6.0
136,272.0,1.8532123634413136,5.0,6.0
137,274.0,1.980197259735332,5.0,6.0
138,276.0,1.197464991607122,5.0,6.0
139,278.0,0.9573466860520847,5.0,6.0
140,280.0,0.8740068180827586,5.0,6.0
141,282.0,0.9480751482160903,5.0,6.0
142,284.0,1.016654430973883,5.0,6.0
143,286.0,1.1681750913893516,5.0,6.0
144,288.0,0.9425885084822369,5.0,6.0
145,290.0,0.8258824663230111,5.0,6.0
146,292.0,0.9420650257087736,5.0,6.0
147,294.0,1.125334864254564,5.0,6.0
148,296.0,0.7693641535827723,5.0,6.0
149,298.0,0.8245912702868365,5.0,6.0
150,300.0,0.7882054523893999,5.0,6.0
151,302.0,0.9511052933394727,5.0,6.0
152,304.0,0.9247112738014813,5.0,6.0
153,306.0,1.0839553072247263,5.0,6.0
154,308.0,1.1422447904695878,5.0,6.0
155,310.0,1.913491361263089,5.0,6.0
156,312.0,2.8591990634600113,5.0,6.0
157,314.0,3.9165500325467324,5.0,6.0
158,316.0,7.128006318204167,5.0,6.0
159,318.0,3.1281771039188873,5.0,6.0
160,320.0,2.6056876790181205,5.0,6.0
161,322.0,2.0359092857195225,5.0,6.0
162,324.0,2.4748747519773553,5.0,6.0
163,326.0,3.024539484679787,5.0,6.0
164,328.0,3.540711565164372,5.0,6.0
165,330.0,2.5809763107331127,5.0,6.0
166,332.0,2.4041546147261106,5.0,6.0
167,334.0,2.139898728002762,5.0,6.0
168,336.0,1.9662302742034619,5.0,6.0
169,338.0,1.296256045214957,5.0,6.0
170,340.0,0.7852119341554382,5.0,6.0
171,342.0,0.6259103905393846,5.0,6.0
172,344.0,0.8115456089721138,5.0,6.0
173,346.0,0.7036034166878734,5.0,6.0
174,348.0,0.9180329026612486,5.0,6.0
175,350.0,0.6508925587495146,5.0,6.0
176,352.0,0.616919095365033,5.0,6.0
177,354.0,0.7450120020216835,5.0,6.0
178,356.0,0.72311878686369,5.0,6.0
179,358.0,0.9419546157008429,5.0,6.0
